path;label
gb/00313e1a-67a0-11e5-89b3-40f2e96c8ad8.jpg;1
gb/004633f2-679f-11e5-b0e3-40f2e96c8ad8.jpg;1
gb/01589d72-6798-11e5-8c9e-40f2e96c8ad8.jpg;1
gb/018b761a-6799-11e5-8dd0-40f2e96c8ad8.jpg;1
gb/02979e90-6798-11e5-8c9e-40f2e96c8ad8.jpg;1
gb/04798348-679f-11e5-b0e3-40f2e96c8ad8.jpg;1
gb/052f032a-679b-11e5-9696-40f2e96c8ad8.jpg;1
gb/05b88d70-67a0-11e5-89b3-40f2e96c8ad8.jpg;1
gb/05c8ebfa-679d-11e5-90f4-40f2e96c8ad8.jpg;1
gb/0694b03c-6798-11e5-8c9e-40f2e96c8ad8.jpg;1
gb/071ddf2e-679d-11e5-90f4-40f2e96c8ad8.jpg;1
gb/07bf388a-67a0-11e5-89b3-40f2e96c8ad8.jpg;1
gb/07ff75e6-6799-11e5-8dd0-40f2e96c8ad8.jpg;1
gb/0809ed42-679d-11e5-90f4-40f2e96c8ad8.jpg;1
gb/08b1a54e-679f-11e5-b0e3-40f2e96c8ad8.jpg;1
gb/08c0dc6a-67a1-11e5-a5ed-40f2e96c8ad8.jpg;1
gb/09064b10-679c-11e5-a533-40f2e96c8ad8.jpg;1
gb/092d0216-679f-11e5-b0e3-40f2e96c8ad8.jpg;1
gb/09374a40-679b-11e5-9696-40f2e96c8ad8.jpg;1
gb/095a28ec-6798-11e5-8c9e-40f2e96c8ad8.jpg;1
gb/09db550c-679d-11e5-90f4-40f2e96c8ad8.jpg;1
gb/0a64e838-679a-11e5-80ca-40f2e96c8ad8.jpg;1
gb/0b44d936-6798-11e5-8c9e-40f2e96c8ad8.jpg;1
gb/0b759b0c-6798-11e5-8c9e-40f2e96c8ad8.jpg;1
gb/0bd7f188-679f-11e5-b0e3-40f2e96c8ad8.jpg;1
gb/0d1d1442-679a-11e5-80ca-40f2e96c8ad8.jpg;1
gb/0d1e4d2c-679e-11e5-8121-40f2e96c8ad8.jpg;1
gb/0d61b8e2-6798-11e5-8c9e-40f2e96c8ad8.jpg;1
gb/0dfb0572-679a-11e5-80ca-40f2e96c8ad8.jpg;1
gb/0e3db8e6-679e-11e5-8121-40f2e96c8ad8.jpg;1
gb/0eb3e722-679f-11e5-b0e3-40f2e96c8ad8.jpg;1
gb/0edf3d1a-679e-11e5-8121-40f2e96c8ad8.jpg;1
gb/0f33da68-679a-11e5-80ca-40f2e96c8ad8.jpg;1
gb/101a1540-67a0-11e5-89b3-40f2e96c8ad8.JPG;1
gb/10bab5d8-679e-11e5-8121-40f2e96c8ad8.jpg;1
gb/1126d22c-679e-11e5-8121-40f2e96c8ad8.jpg;1
gb/122a3e88-679f-11e5-b0e3-40f2e96c8ad8.jpg;1
gb/12311590-679b-11e5-9696-40f2e96c8ad8.jpg;1
gb/134f5306-679b-11e5-af8c-40f2e96c8ad8.jpg;1
gb/13624fb6-679f-11e5-b0e3-40f2e96c8ad8.jpg;1
gb/14aefa68-679f-11e5-b0e3-40f2e96c8ad8.jpg;1
gb/14c6b4fe-679b-11e5-af8c-40f2e96c8ad8.jpg;1
gb/14e62944-679e-11e5-8121-40f2e96c8ad8.jpg;1
gb/15124036-67a0-11e5-89b3-40f2e96c8ad8.jpg;1
gb/15320f44-679e-11e5-8121-40f2e96c8ad8.jpg;1
gb/15461d1a-679c-11e5-a533-40f2e96c8ad8.JPG;1
gb/1577f0a8-679f-11e5-b0e3-40f2e96c8ad8.jpg;1
gb/16a7d6a0-679f-11e5-b0e3-40f2e96c8ad8.jpg;1
gb/173e1a02-679f-11e5-b0e3-40f2e96c8ad8.jpg;1
gb/180bb8e4-679b-11e5-af8c-40f2e96c8ad8.jpg;1
gb/181d2214-67a0-11e5-89b3-40f2e96c8ad8.jpg;1
gb/18316f92-67a2-11e5-b0b2-40f2e96c8ad8.jpg;1
gb/18438c62-679e-11e5-8121-40f2e96c8ad8.jpg;1
gb/18ba4d4e-6798-11e5-8c9e-40f2e96c8ad8.jpg;1
gb/19aba664-679b-11e5-af8c-40f2e96c8ad8.jpg;1
gb/1a063d14-679f-11e5-b0e3-40f2e96c8ad8.jpg;1
gb/1a669624-679e-11e5-8121-40f2e96c8ad8.jpg;1
gb/1abf643e-679e-11e5-8121-40f2e96c8ad8.jpg;1
gb/1b3085e4-679c-11e5-a533-40f2e96c8ad8.jpg;1
gb/1b370368-679e-11e5-8121-40f2e96c8ad8.jpg;1
gb/1be2caac-679b-11e5-af8c-40f2e96c8ad8.jpg;1
gb/1c449928-679e-11e5-8121-40f2e96c8ad8.jpg;1
gb/1c68ac06-6798-11e5-8c9e-40f2e96c8ad8.jpg;1
gb/1c876148-67a0-11e5-89b3-40f2e96c8ad8.jpg;1
gb/1cbeb5fa-679e-11e5-8121-40f2e96c8ad8.jpg;1
gb/1cd61752-679b-11e5-af8c-40f2e96c8ad8.jpg;1
gb/1d552868-679f-11e5-b0e3-40f2e96c8ad8.jpg;1
gb/1da0cdd2-6799-11e5-8dd0-40f2e96c8ad8.jpg;1
gb/1e183230-67a0-11e5-89b3-40f2e96c8ad8.jpg;1
gb/1f7fb1bc-679a-11e5-80ca-40f2e96c8ad8.jpg;1
gb/2046f038-679f-11e5-b0e3-40f2e96c8ad8.jpg;1
gb/2067208c-679b-11e5-af8c-40f2e96c8ad8.jpg;1
gb/20809fa4-679a-11e5-80ca-40f2e96c8ad8.jpeg;1
gb/2147c652-679e-11e5-8121-40f2e96c8ad8.jpg;1
gb/216b454c-6798-11e5-8c9e-40f2e96c8ad8.JPG;1
gb/21a5e8a4-679e-11e5-8121-40f2e96c8ad8.jpg;1
gb/2225198a-679e-11e5-8121-40f2e96c8ad8.jpg;1
gb/2353aa7a-6798-11e5-8c9e-40f2e96c8ad8.jpg;1
gb/23598fce-679f-11e5-b0e3-40f2e96c8ad8.jpg;1
gb/2368445c-679e-11e5-8121-40f2e96c8ad8.jpg;1
gb/2402eb3c-679a-11e5-80ca-40f2e96c8ad8.jpg;1
gb/24e2f102-6798-11e5-8c9e-40f2e96c8ad8.jpg;1
gb/25a66358-67a2-11e5-b0b2-40f2e96c8ad8.jpg;1
gb/25a736d6-679b-11e5-af8c-40f2e96c8ad8.jpg;1
gb/25bc70f8-6798-11e5-8c9e-40f2e96c8ad8.jpg;1
gb/25cbd6f4-679f-11e5-b0e3-40f2e96c8ad8.jpg;1
gb/25d10ec2-679e-11e5-8121-40f2e96c8ad8.jpg;1
gb/25fbaf4e-679c-11e5-a533-40f2e96c8ad8.jpg;1
gb/264d9cb6-679f-11e5-b0e3-40f2e96c8ad8.jpg;1
gb/2655dada-6799-11e5-8dd0-40f2e96c8ad8.jpg;1
gb/2658e0b4-6798-11e5-8c9e-40f2e96c8ad8.jpg;1
gb/2696bdfc-6799-11e5-8dd0-40f2e96c8ad8.jpg;1
gb/279f70b2-679a-11e5-80ca-40f2e96c8ad8.png;1
gb/27b7b5b8-679b-11e5-af8c-40f2e96c8ad8.jpg;1
gb/27de75ae-679b-11e5-af8c-40f2e96c8ad8.jpg;1
gb/28a0beee-679f-11e5-b0e3-40f2e96c8ad8.jpg;1
gb/29206136-6799-11e5-8dd0-40f2e96c8ad8.jpg;1
gb/297c00ea-6799-11e5-8dd0-40f2e96c8ad8.jpg;1
gb/297e09e4-679e-11e5-8121-40f2e96c8ad8.jpg;1
gb/29994b5a-6799-11e5-8dd0-40f2e96c8ad8.jpg;1
gb/2a5be2be-6799-11e5-8dd0-40f2e96c8ad8.jpg;1
gb/2a798c3a-679c-11e5-a533-40f2e96c8ad8.jpg;1
gb/2af56c0c-679b-11e5-af8c-40f2e96c8ad8.jpg;1
gb/2b144732-6799-11e5-8dd0-40f2e96c8ad8.jpg;1
gb/2b29423a-679f-11e5-b0e3-40f2e96c8ad8.jpg;1
gb/2b2d41a2-6798-11e5-8c9e-40f2e96c8ad8.jpg;1
gb/2b6f3e9e-679e-11e5-8121-40f2e96c8ad8.jpg;1
gb/2ba72e34-679f-11e5-b0e3-40f2e96c8ad8.JPG;1
gb/2bed3862-679e-11e5-8121-40f2e96c8ad8.jpg;1
gb/2bf41454-679c-11e5-a533-40f2e96c8ad8.jpg;1
gb/2bf9a41c-6799-11e5-8dd0-40f2e96c8ad8.jpg;1
gb/2c33b546-679c-11e5-a533-40f2e96c8ad8.jpg;1
gb/2c412f12-679e-11e5-8121-40f2e96c8ad8.jpg;1
gb/2c434712-6798-11e5-8c9e-40f2e96c8ad8.jpg;1
gb/2c703fc8-679e-11e5-8121-40f2e96c8ad8.jpg;1
gb/2d77892c-6798-11e5-8c9e-40f2e96c8ad8.jpg;1
gb/2da41354-679b-11e5-af8c-40f2e96c8ad8.jpg;1
gb/2e7d7b6e-679e-11e5-8121-40f2e96c8ad8.jpg;1
gb/2ec889ce-679e-11e5-8121-40f2e96c8ad8.jpg;1
gb/2f0d3dda-679e-11e5-8121-40f2e96c8ad8.jpg;1
gb/2f4b61f4-679a-11e5-80ca-40f2e96c8ad8.jpg;1
gb/2f7ea61e-679e-11e5-8121-40f2e96c8ad8.jpg;1
gb/2f9411d2-679b-11e5-af8c-40f2e96c8ad8.jpg;1
gb/2ff27346-679e-11e5-8121-40f2e96c8ad8.jpg;1
gb/3013ed38-6798-11e5-8c9e-40f2e96c8ad8.jpg;1
gb/302a3e1e-67a0-11e5-89b3-40f2e96c8ad8.JPG;1
gb/30317fc0-679c-11e5-a533-40f2e96c8ad8.jpg;1
gb/307660b6-679e-11e5-8121-40f2e96c8ad8.jpg;1
gb/30b22458-6798-11e5-8c9e-40f2e96c8ad8.jpg;1
gb/30f0acb8-679e-11e5-8121-40f2e96c8ad8.jpg;1
gb/31e26370-679c-11e5-a533-40f2e96c8ad8.jpg;1
gb/31fb8784-679b-11e5-af8c-40f2e96c8ad8.jpg;1
gb/32ad0828-67a1-11e5-a5ed-40f2e96c8ad8.jpg;1
gb/34379ace-679b-11e5-af8c-40f2e96c8ad8.jpg;1
gb/3463035a-679e-11e5-8121-40f2e96c8ad8.jpg;1
gb/34d97bfc-679e-11e5-8121-40f2e96c8ad8.jpg;1
gb/34eb7e62-679c-11e5-a533-40f2e96c8ad8.jpg;1
gb/35604f88-679e-11e5-8121-40f2e96c8ad8.jpg;1
gb/35ac3f2c-679b-11e5-af8c-40f2e96c8ad8.jpg;1
gb/360049a8-6798-11e5-8c9e-40f2e96c8ad8.jpg;1
gb/3656eb04-679e-11e5-990f-40f2e96c8ad8.jpg;1
gb/366426ac-6799-11e5-8dd0-40f2e96c8ad8.jpg;1
gb/368e196c-679e-11e5-990f-40f2e96c8ad8.JPG;1
gb/3706a080-679e-11e5-990f-40f2e96c8ad8.jpg;1
gb/371baa3a-6798-11e5-8c9e-40f2e96c8ad8.jpg;1
gb/37afc994-679e-11e5-990f-40f2e96c8ad8.jpg;1
gb/384ca7e8-679c-11e5-a533-40f2e96c8ad8.jpg;1
gb/38d02dd2-6799-11e5-8dd0-40f2e96c8ad8.jpg;1
gb/38eff9a0-6799-11e5-8dd0-40f2e96c8ad8.jpg;1
gb/392bee8a-679c-11e5-a533-40f2e96c8ad8.jpg;1
gb/393e21b6-679e-11e5-990f-40f2e96c8ad8.jpg;1
gb/3943d558-679d-11e5-90f4-40f2e96c8ad8.jpg;1
gb/39494454-679b-11e5-af8c-40f2e96c8ad8.jpg;1
gb/398d6594-67a0-11e5-89b3-40f2e96c8ad8.jpg;1
gb/398faec8-6799-11e5-8dc4-40f2e96c8ad8.jpg;1
gb/3a0f2156-67a0-11e5-89b3-40f2e96c8ad8.jpg;1
gb/3ac78f4a-679e-11e5-990f-40f2e96c8ad8.jpg;1
gb/3adba2c8-6799-11e5-8dc4-40f2e96c8ad8.jpg;1
gb/3ae378ca-679b-11e5-af8c-40f2e96c8ad8.jpg;1
gb/3aff899a-679e-11e5-990f-40f2e96c8ad8.jpg;1
gb/3b2d7ad6-6798-11e5-8dd0-40f2e96c8ad8.JPG;1
gb/3b500736-6798-11e5-8dd0-40f2e96c8ad8.jpg;1
gb/3bf77554-67a0-11e5-89b3-40f2e96c8ad8.jpg;1
gb/3c0ef588-679d-11e5-90f4-40f2e96c8ad8.jpg;1
gb/3ca1a088-679b-11e5-af8c-40f2e96c8ad8.jpg;1
gb/3d5b4f60-679b-11e5-af8c-40f2e96c8ad8.jpg;1
gb/3da443ca-679e-11e5-990f-40f2e96c8ad8.jpg;1
gb/3e223cc0-679a-11e5-80ca-40f2e96c8ad8.jpg;1
gb/3ecc1330-679a-11e5-80ca-40f2e96c8ad8.jpg;1
gb/3ee16ebc-679d-11e5-90f4-40f2e96c8ad8.jpg;1
gb/3f3d3f46-679b-11e5-af8c-40f2e96c8ad8.JPG;1
gb/3fc8a174-679d-11e5-90f4-40f2e96c8ad8.jpg;1
gb/3ff976da-679a-11e5-80ca-40f2e96c8ad8.jpg;1
gb/402e0c2a-679e-11e5-990f-40f2e96c8ad8.jpg;1
gb/4124c6f0-679e-11e5-990f-40f2e96c8ad8.jpg;1
gb/416d45f4-67a0-11e5-89b3-40f2e96c8ad8.jpg;1
gb/41f8e5fa-67a0-11e5-89b3-40f2e96c8ad8.jpg;1
gb/421dc3c0-67a0-11e5-89b3-40f2e96c8ad8.jpg;1
gb/4298e712-679b-11e5-af8c-40f2e96c8ad8.jpg;1
gb/42ac05a4-67a0-11e5-89b3-40f2e96c8ad8.jpg;1
gb/42ece894-679b-11e5-af8c-40f2e96c8ad8.jpg;1
gb/4333c5be-679d-11e5-90f4-40f2e96c8ad8.jpg;1
gb/434b6d30-679e-11e5-990f-40f2e96c8ad8.jpg;1
gb/43c51080-679a-11e5-80ca-40f2e96c8ad8.jpg;1
gb/445171ac-679e-11e5-990f-40f2e96c8ad8.jpg;1
gb/4496ea3c-67a0-11e5-89b3-40f2e96c8ad8.jpg;1
gb/44ab3b5e-679b-11e5-af8c-40f2e96c8ad8.jpg;1
gb/45899da8-679c-11e5-aa4a-40f2e96c8ad8.png;1
gb/45bcc796-67a1-11e5-a5ed-40f2e96c8ad8.jpg;1
gb/45d5242e-679e-11e5-990f-40f2e96c8ad8.jpg;1
gb/46673910-67a1-11e5-a5ed-40f2e96c8ad8.jpg;1
gb/4692d8f2-679e-11e5-990f-40f2e96c8ad8.jpg;1
gb/46e3e5ee-6799-11e5-8dc4-40f2e96c8ad8.jpg;1
gb/47531a5a-679d-11e5-90f4-40f2e96c8ad8.jpg;1
gb/47e1b9a8-6799-11e5-8dc4-40f2e96c8ad8.jpg;1
gb/48840c80-679e-11e5-990f-40f2e96c8ad8.jpg;1
gb/48873fd4-679b-11e5-af8c-40f2e96c8ad8.jpg;1
gb/495f1dca-6799-11e5-8dc4-40f2e96c8ad8.jpg;1
gb/4a1d84ae-679e-11e5-990f-40f2e96c8ad8.jpg;1
gb/4aea0dcc-679d-11e5-90f4-40f2e96c8ad8.jpg;1
gb/4bf69ea0-679e-11e5-990f-40f2e96c8ad8.jpg;1
gb/4c147cde-679b-11e5-af8c-40f2e96c8ad8.JPG;1
gb/4c3d9cb0-6799-11e5-8dc4-40f2e96c8ad8.jpg;1
gb/4c4b329c-679b-11e5-af8c-40f2e96c8ad8.jpg;1
gb/4c6794ac-6799-11e5-8dc4-40f2e96c8ad8.jpg;1
gb/4c942aee-6799-11e5-8dc4-40f2e96c8ad8.jpg;1
gb/4c9fc61a-679e-11e5-990f-40f2e96c8ad8.jpg;1
gb/4cc9d74e-679d-11e5-90f4-40f2e96c8ad8.jpg;1
gb/4f48b352-679b-11e5-af8c-40f2e96c8ad8.jpg;1
gb/516f40d0-679e-11e5-990f-40f2e96c8ad8.jpg;1
gb/51c09ea6-67a0-11e5-89b3-40f2e96c8ad8.jpg;1
gb/51c849d2-679e-11e5-990f-40f2e96c8ad8.JPG;1
gb/52a1889e-67a0-11e5-89b3-40f2e96c8ad8.jpg;1
gb/538191f2-679e-11e5-990f-40f2e96c8ad8.jpg;1
gb/53cb621e-679e-11e5-990f-40f2e96c8ad8.jpg;1
gb/540c94c8-679e-11e5-990f-40f2e96c8ad8.jpg;1
gb/54420266-679e-11e5-990f-40f2e96c8ad8.jpg;1
gb/5452da10-679d-11e5-90f4-40f2e96c8ad8.jpg;1
gb/54f31b92-679d-11e5-90f4-40f2e96c8ad8.jpg;1
gb/55545fa2-679c-11e5-aa4a-40f2e96c8ad8.jpg;1
gb/55844cdc-679a-11e5-80ca-40f2e96c8ad8.jpg;1
gb/55bf6c38-679d-11e5-90f4-40f2e96c8ad8.jpg;1
gb/565e7624-679e-11e5-990f-40f2e96c8ad8.jpg;1
gb/5666c516-679b-11e5-af8c-40f2e96c8ad8.jpg;1
gb/56cd1ea8-679e-11e5-990f-40f2e96c8ad8.jpg;1
gb/56f497c6-679e-11e5-990f-40f2e96c8ad8.jpg;1
gb/5708cfe4-679d-11e5-90f4-40f2e96c8ad8.jpg;1
gb/5757cfee-679e-11e5-990f-40f2e96c8ad8.jpg;1
gb/5802c9ce-67a0-11e5-89b3-40f2e96c8ad8.jpg;1
gb/587baaf6-679b-11e5-af8c-40f2e96c8ad8.jpg;1
gb/5999dfd4-679b-11e5-af8c-40f2e96c8ad8.jpg;1
gb/59db14f2-679d-11e5-90f4-40f2e96c8ad8.jpg;1
gb/5a0b5618-679c-11e5-aa4a-40f2e96c8ad8.jpg;1
gb/5a0c58e8-679b-11e5-af8c-40f2e96c8ad8.jpg;1
gb/5ae4e6fc-679d-11e5-90f4-40f2e96c8ad8.jpg;1
gb/5c68c124-679d-11e5-90f4-40f2e96c8ad8.jpg;1
gb/5c777266-67a0-11e5-89b3-40f2e96c8ad8.jpg;1
gb/5d9db828-679e-11e5-990f-40f2e96c8ad8.jpg;1
gb/5da02816-679d-11e5-90f4-40f2e96c8ad8.jpg;1
gb/5e415b4c-67a1-11e5-a5ed-40f2e96c8ad8.jpg;1
gb/5ed237e4-67a0-11e5-89b3-40f2e96c8ad8.jpg;1
gb/5fb11a6e-679a-11e5-80ca-40f2e96c8ad8.jpg;1
gb/5fcf59da-679e-11e5-990f-40f2e96c8ad8.jpg;1
gb/60108448-679c-11e5-aa4a-40f2e96c8ad8.jpg;1
gb/60763e3c-679c-11e5-aa4a-40f2e96c8ad8.jpg;1
gb/611fb088-679d-11e5-90f4-40f2e96c8ad8.jpg;1
gb/6157865e-67a0-11e5-a3d2-40f2e96c8ad8.jpg;1
gb/6175e0b8-67a0-11e5-a3d2-40f2e96c8ad8.jpg;1
gb/61933e9e-679e-11e5-990f-40f2e96c8ad8.jpg;1
gb/61aa0b40-67a0-11e5-a3d2-40f2e96c8ad8.JPG;1
gb/61cdc690-679e-11e5-990f-40f2e96c8ad8.jpg;1
gb/61e402cc-679c-11e5-aa4a-40f2e96c8ad8.jpg;1
gb/631f9f9e-679b-11e5-af8c-40f2e96c8ad8.jpg;1
gb/64d7c93e-679a-11e5-80ca-40f2e96c8ad8.jpg;1
gb/6512855c-679e-11e5-990f-40f2e96c8ad8.jpg;1
gb/6524b944-679d-11e5-90f4-40f2e96c8ad8.jpg;1
gb/65509aae-679e-11e5-990f-40f2e96c8ad8.jpg;1
gb/65516d32-679c-11e5-aa4a-40f2e96c8ad8.jpg;1
gb/65955230-679d-11e5-90f4-40f2e96c8ad8.jpg;1
gb/660181a0-67a0-11e5-a3d2-40f2e96c8ad8.jpg;1
gb/66e9da86-67a0-11e5-a3d2-40f2e96c8ad8.jpg;1
gb/67874d34-67a0-11e5-a3d2-40f2e96c8ad8.jpg;1
gb/67a642e0-679e-11e5-990f-40f2e96c8ad8.jpg;1
gb/68205a9e-679e-11e5-990f-40f2e96c8ad8.jpg;1
gb/686bba3a-679d-11e5-90f4-40f2e96c8ad8.JPG;1
gb/69b3858e-679e-11e5-990f-40f2e96c8ad8.jpg;1
gb/6a111620-67a0-11e5-a3d2-40f2e96c8ad8.jpg;1
gb/6a32b7fa-679e-11e5-990f-40f2e96c8ad8.jpg;1
gb/6a336f44-679c-11e5-aa4a-40f2e96c8ad8.jpg;1
gb/6a97ec44-679c-11e5-aa4a-40f2e96c8ad8.jpg;1
gb/6b8a04ac-67a1-11e5-a5ed-40f2e96c8ad8.jpg;1
gb/6c416976-67a1-11e5-b4c6-40f2e96c8ad8.jpg;1
gb/6c669174-67a1-11e5-b4c6-40f2e96c8ad8.jpg;1
gb/6ca17a60-67a0-11e5-a3d2-40f2e96c8ad8.jpg;1
gb/6caebe84-679e-11e5-990f-40f2e96c8ad8.jpg;1
gb/6ccd4de0-679e-11e5-990f-40f2e96c8ad8.jpg;1
gb/6d37704a-679d-11e5-90f4-40f2e96c8ad8.jpg;1
gb/6d673018-679e-11e5-990f-40f2e96c8ad8.jpg;1
gb/6d786430-67a0-11e5-a3d2-40f2e96c8ad8.jpg;1
gb/6dd49798-679e-11e5-990f-40f2e96c8ad8.jpg;1
gb/6e05ad00-679a-11e5-80ca-40f2e96c8ad8.jpg;1
gb/6e93fcee-67a0-11e5-a3d2-40f2e96c8ad8.jpg;1
gb/6e96f15e-679d-11e5-90f4-40f2e96c8ad8.jpeg;1
gb/6ec38756-67a1-11e5-b4c6-40f2e96c8ad8.jpg;1
gb/6ee38c52-679e-11e5-990f-40f2e96c8ad8.jpg;1
gb/6efb0812-67a0-11e5-a3d2-40f2e96c8ad8.jpg;1
gb/6fe99f36-679b-11e5-af8c-40f2e96c8ad8.jpg;1
gb/709f8828-67a0-11e5-a3d2-40f2e96c8ad8.gif;1
gb/70b2552c-679e-11e5-990f-40f2e96c8ad8.jpg;1
gb/70ecdc24-679e-11e5-990f-40f2e96c8ad8.JPG;1
gb/70f8971a-67a0-11e5-a3d2-40f2e96c8ad8.jpg;1
gb/712e0d14-67a0-11e5-a3d2-40f2e96c8ad8.jpg;1
gb/71557cfa-67a0-11e5-a3d2-40f2e96c8ad8.jpg;1
gb/71773618-679d-11e5-90f4-40f2e96c8ad8.jpg;1
gb/718442de-679a-11e5-80ca-40f2e96c8ad8.jpg;1
gb/7257b712-67a0-11e5-a3d2-40f2e96c8ad8.jpg;1
gb/731fe2d4-679e-11e5-b0d3-40f2e96c8ad8.jpg;1
gb/74d23fbc-67a0-11e5-a3d2-40f2e96c8ad8.jpg;1
gb/7530958c-679e-11e5-b0d3-40f2e96c8ad8.jpg;1
gb/75d0cd0a-679d-11e5-90f4-40f2e96c8ad8.jpg;1
gb/762216ee-67a0-11e5-a3d2-40f2e96c8ad8.JPG;1
gb/764aa67c-679b-11e5-af8c-40f2e96c8ad8.jpg;1
gb/764f77f2-679a-11e5-80ca-40f2e96c8ad8.jpg;1
gb/76721990-67a1-11e5-b4c6-40f2e96c8ad8.jpg;1
gb/76c5d102-679c-11e5-aa4a-40f2e96c8ad8.jpg;1
gb/76ef40fa-67a1-11e5-b4c6-40f2e96c8ad8.jpg;1
gb/7757db94-679a-11e5-80ca-40f2e96c8ad8.jpg;1
gb/77d47952-679e-11e5-b0d3-40f2e96c8ad8.jpg;1
gb/77e36ebe-67a1-11e5-b4c6-40f2e96c8ad8.jpg;1
gb/78baa778-679a-11e5-80ca-40f2e96c8ad8.jpg;1
gb/792f9e6c-679e-11e5-b0d3-40f2e96c8ad8.jpg;1
gb/7935b10a-67a1-11e5-b4c6-40f2e96c8ad8.jpg;1
gb/795a98f8-67a1-11e5-b4c6-40f2e96c8ad8.jpg;1
gb/79a0124e-679b-11e5-af8c-40f2e96c8ad8.jpg;1
gb/7aa9dbda-679a-11e5-80ca-40f2e96c8ad8.jpg;1
gb/7b4918f6-67a1-11e5-b4c6-40f2e96c8ad8.jpg;1
gb/7bb28b32-679d-11e5-90f4-40f2e96c8ad8.jpg;1
gb/7bbf1296-67a0-11e5-a3d2-40f2e96c8ad8.JPG;1
gb/7bc116a6-679e-11e5-b0d3-40f2e96c8ad8.jpg;1
gb/7bf5c656-67a0-11e5-a3d2-40f2e96c8ad8.jpg;1
gb/7c36afa2-679d-11e5-90f4-40f2e96c8ad8.jpg;1
gb/7c45ecda-67a0-11e5-a3d2-40f2e96c8ad8.jpg;1
gb/7e26b660-679b-11e5-af8c-40f2e96c8ad8.jpg;1
gb/7e31ff98-67a0-11e5-a3d2-40f2e96c8ad8.jpg;1
gb/7e47b214-679d-11e5-90f4-40f2e96c8ad8.jpg;1
gb/7e658be4-679e-11e5-b0d3-40f2e96c8ad8.jpg;1
gb/7ed5e8aa-67a1-11e5-b4c6-40f2e96c8ad8.jpg;1
gb/7f2b4626-679a-11e5-80ca-40f2e96c8ad8.jpg;1
gb/7f87b73e-679b-11e5-af8c-40f2e96c8ad8.jpg;1
gb/7fef2ae8-679d-11e5-90f4-40f2e96c8ad8.jpg;1
gb/80a8d4b2-679c-11e5-aa4a-40f2e96c8ad8.jpg;1
gb/80aca528-679d-11e5-90f4-40f2e96c8ad8.jpg;1
gb/80bfceae-679e-11e5-b0d3-40f2e96c8ad8.png;1
gb/8151d87e-67a0-11e5-a3d2-40f2e96c8ad8.jpg;1
gb/81c378c8-679e-11e5-b0d3-40f2e96c8ad8.jpg;1
gb/81ff468c-679e-11e5-b0d3-40f2e96c8ad8.jpg;1
gb/8207f620-679d-11e5-90f4-40f2e96c8ad8.jpg;1
gb/822e2be8-67a1-11e5-b4c6-40f2e96c8ad8.jpg;1
gb/8237471c-679e-11e5-b0d3-40f2e96c8ad8.jpg;1
gb/826e000e-679e-11e5-b0d3-40f2e96c8ad8.jpg;1
gb/82b604f0-679c-11e5-aa4a-40f2e96c8ad8.jpg;1
gb/83f32530-679e-11e5-b0d3-40f2e96c8ad8.jpg;1
gb/84324a46-679c-11e5-aa4a-40f2e96c8ad8.jpg;1
gb/844908cc-67a0-11e5-a3d2-40f2e96c8ad8.jpg;1
gb/8470c168-67a1-11e5-b4c6-40f2e96c8ad8.jpg;1
gb/848c8678-67a1-11e5-b4c6-40f2e96c8ad8.jpg;1
gb/850e6188-679d-11e5-90f4-40f2e96c8ad8.jpg;1
gb/8519e52c-67a1-11e5-b4c6-40f2e96c8ad8.jpg;1
gb/858f29f2-679e-11e5-b0d3-40f2e96c8ad8.jpg;1
gb/85b2d064-679e-11e5-b0d3-40f2e96c8ad8.jpg;1
gb/86645da6-679a-11e5-9696-40f2e96c8ad8.jpg;1
gb/867def48-679d-11e5-90f4-40f2e96c8ad8.jpg;1
gb/87098244-67a0-11e5-a3d2-40f2e96c8ad8.jpg;1
gb/879071a4-679c-11e5-aa4a-40f2e96c8ad8.JPG;1
gb/87908a72-67a1-11e5-b4c6-40f2e96c8ad8.jpg;1
gb/87cfa26c-67a0-11e5-a3d2-40f2e96c8ad8.jpg;1
gb/87e4f2c0-679b-11e5-a533-40f2e96c8ad8.jpg;1
gb/87fb8ebe-679a-11e5-9696-40f2e96c8ad8.gif;1
gb/88172114-679b-11e5-a533-40f2e96c8ad8.jpg;1
gb/8898e540-67a1-11e5-b4c6-40f2e96c8ad8.jpg;1
gb/893812ea-679d-11e5-90f4-40f2e96c8ad8.jpg;1
gb/894d0654-6799-11e5-8dc4-40f2e96c8ad8.jpg;1
gb/89b70964-679e-11e5-b0d3-40f2e96c8ad8.jpg;1
gb/89f12962-67a0-11e5-a3d2-40f2e96c8ad8.JPG;1
gb/8a3af38a-67a0-11e5-a3d2-40f2e96c8ad8.JPG;1
gb/8a70c2d8-679d-11e5-90f4-40f2e96c8ad8.jpg;1
gb/8b1514c0-679b-11e5-a533-40f2e96c8ad8.jpg;1
gb/8b245de2-679e-11e5-b0d3-40f2e96c8ad8.jpg;1
gb/8b3db604-679c-11e5-aa4a-40f2e96c8ad8.jpg;1
gb/8b8313ea-679a-11e5-9696-40f2e96c8ad8.jpg;1
gb/8b9e324e-679d-11e5-90f4-40f2e96c8ad8.jpg;1
gb/8b9e7258-679e-11e5-b0d3-40f2e96c8ad8.jpg;1
gb/8bce1fca-679a-11e5-9696-40f2e96c8ad8.jpg;1
gb/8c1b5552-6799-11e5-8dc4-40f2e96c8ad8.jpg;1
gb/8d108cde-679e-11e5-b0d3-40f2e96c8ad8.jpg;1
gb/8d1faf66-6799-11e5-8dc4-40f2e96c8ad8.jpg;1
gb/8d3dcd36-679c-11e5-aa4a-40f2e96c8ad8.JPG;1
gb/8e783a00-679d-11e5-90f4-40f2e96c8ad8.jpg;1
gb/8e897574-679b-11e5-a533-40f2e96c8ad8.jpg;1
gb/8f6b478c-67a1-11e5-b4c6-40f2e96c8ad8.jpg;1
gb/8f6fb3e6-679a-11e5-9696-40f2e96c8ad8.jpg;1
gb/8fb2305c-67a1-11e5-b4c6-40f2e96c8ad8.JPG;1
gb/9007c728-679d-11e5-90f4-40f2e96c8ad8.jpg;1
gb/901deb04-67a0-11e5-a3d2-40f2e96c8ad8.jpg;1
gb/906a4bfc-67a0-11e5-a3d2-40f2e96c8ad8.JPG;1
gb/911108a4-6799-11e5-ba3c-40f2e96c8ad8.jpg;1
gb/9117d378-679e-11e5-b0d3-40f2e96c8ad8.jpg;1
gb/91406178-679c-11e5-aa4a-40f2e96c8ad8.jpg;1
gb/91602af0-679a-11e5-9696-40f2e96c8ad8.jpg;1
gb/9282d0c8-6799-11e5-ba3c-40f2e96c8ad8.jpg;1
gb/92cc9866-6799-11e5-ba3c-40f2e96c8ad8.jpg;1
gb/92ff7cae-6799-11e5-ba3c-40f2e96c8ad8.jpg;1
gb/93117578-679c-11e5-aa4a-40f2e96c8ad8.jpg;1
gb/93a3926c-6799-11e5-ba3c-40f2e96c8ad8.jpg;1
gb/94886d18-679b-11e5-a533-40f2e96c8ad8.jpg;1
gb/94e6358e-679a-11e5-9696-40f2e96c8ad8.jpg;1
gb/95406aa8-679b-11e5-a533-40f2e96c8ad8.jpg;1
gb/9577d942-679c-11e5-aa4a-40f2e96c8ad8.jpg;1
gb/9598b174-679e-11e5-b0d3-40f2e96c8ad8.jpg;1
gb/95a65b44-6799-11e5-ba3c-40f2e96c8ad8.jpg;1
gb/96137d1e-6799-11e5-ba3c-40f2e96c8ad8.jpg;1
gb/963a5350-67a1-11e5-b4c6-40f2e96c8ad8.jpg;1
gb/96463dda-6799-11e5-ba3c-40f2e96c8ad8.jpg;1
gb/967550c0-6799-11e5-ba3c-40f2e96c8ad8.jpg;1
gb/96a096ea-6799-11e5-ba3c-40f2e96c8ad8.jpg;1
gb/96f01094-679e-11e5-b0d3-40f2e96c8ad8.jpg;1
gb/980b5fd2-679a-11e5-9696-40f2e96c8ad8.jpg;1
gb/9887ade2-679c-11e5-aa4a-40f2e96c8ad8.jpg;1
gb/98ccbf72-67a1-11e5-b4c6-40f2e96c8ad8.jpg;1
gb/98fa9064-67a1-11e5-b4c6-40f2e96c8ad8.jpg;1
gb/996e056e-679a-11e5-9696-40f2e96c8ad8.jpg;1
gb/99ba1928-6799-11e5-ba3c-40f2e96c8ad8.jpg;1
gb/99cf372c-679e-11e5-b0d3-40f2e96c8ad8.jpg;1
gb/9a2ad2b2-679e-11e5-b0d3-40f2e96c8ad8.jpg;1
gb/9aa61f1e-67a1-11e5-b4c6-40f2e96c8ad8.jpg;1
gb/9aa897d6-67a0-11e5-a3d2-40f2e96c8ad8.jpg;1
gb/9aca41b2-6799-11e5-ba3c-40f2e96c8ad8.jpg;1
gb/9adb3ce8-679d-11e5-90f4-40f2e96c8ad8.JPG;1
gb/9af7cb5a-6799-11e5-ba3c-40f2e96c8ad8.jpg;1
gb/9b312eee-679a-11e5-9696-40f2e96c8ad8.jpg;1
gb/9b779100-6799-11e5-ba3c-40f2e96c8ad8.jpg;1
gb/9bbf2fa8-67a1-11e5-b4c6-40f2e96c8ad8.jpg;1
gb/9c0bb2ea-6799-11e5-ba3c-40f2e96c8ad8.jpg;1
gb/9c6ae800-679e-11e5-b0d3-40f2e96c8ad8.jpg;1
gb/9c8711ba-6799-11e5-ba3c-40f2e96c8ad8.jpg;1
gb/9caf5a46-67a1-11e5-b4c6-40f2e96c8ad8.jpg;1
gb/9cc9396e-6799-11e5-ba3c-40f2e96c8ad8.jpg;1
gb/9d336ad0-67a0-11e5-a3d2-40f2e96c8ad8.jpg;1
gb/9d4793b2-679a-11e5-9696-40f2e96c8ad8.jpg;1
gb/9d53e8b2-679d-11e5-90f4-40f2e96c8ad8.JPG;1
gb/9e1824be-679a-11e5-9696-40f2e96c8ad8.jpeg;1
gb/9e21687e-67a1-11e5-b4c6-40f2e96c8ad8.jpg;1
gb/9e362c94-6799-11e5-ba3c-40f2e96c8ad8.jpg;1
gb/9e7858f8-6799-11e5-ba3c-40f2e96c8ad8.gif;1
gb/9e7be676-679e-11e5-b0d3-40f2e96c8ad8.jpg;1
gb/9ec520e2-679a-11e5-9696-40f2e96c8ad8.jpg;1
gb/9f366cd8-67a0-11e5-a3d2-40f2e96c8ad8.JPG;1
gb/9f926634-679e-11e5-b0d3-40f2e96c8ad8.jpg;1
gb/a004765a-67a0-11e5-a3d2-40f2e96c8ad8.jpg;1
gb/a0101108-67a1-11e5-b4c6-40f2e96c8ad8.jpg;1
gb/a12b7e84-67a0-11e5-a3d2-40f2e96c8ad8.png;1
gb/a1cc13b4-679e-11e5-b0d3-40f2e96c8ad8.jpg;1
gb/a1f2f636-679a-11e5-9696-40f2e96c8ad8.jpg;1
gb/a20ad3c4-6799-11e5-ba3c-40f2e96c8ad8.jpg;1
gb/a210c932-679e-11e5-b0d3-40f2e96c8ad8.jpg;1
gb/a2a5fa22-679c-11e5-aa4a-40f2e96c8ad8.jpg;1
gb/a39b185e-679c-11e5-aa4a-40f2e96c8ad8.jpg;1
gb/a477c630-6799-11e5-ba3c-40f2e96c8ad8.jpg;1
gb/a48bf154-679a-11e5-9696-40f2e96c8ad8.jpg;1
gb/a4995a0c-679e-11e5-b0d3-40f2e96c8ad8.jpg;1
gb/a4a550bc-67a0-11e5-a3d2-40f2e96c8ad8.jpg;1
gb/a4c86fb8-679e-11e5-b0d3-40f2e96c8ad8.jpg;1
gb/a4e60b40-6799-11e5-ba3c-40f2e96c8ad8.jpg;1
gb/a522fa7a-679c-11e5-aa4a-40f2e96c8ad8.jpg;1
gb/a5c35568-6799-11e5-ba3c-40f2e96c8ad8.jpg;1
gb/a5c88702-67a0-11e5-a3d2-40f2e96c8ad8.jpg;1
gb/a5daafd0-679c-11e5-aa4a-40f2e96c8ad8.png;1
gb/a5ea616c-679e-11e5-b0d3-40f2e96c8ad8.png;1
gb/a6723058-67a1-11e5-b4c6-40f2e96c8ad8.jpg;1
gb/a703d238-67a1-11e5-b4c6-40f2e96c8ad8.jpg;1
gb/a71abc38-679b-11e5-a533-40f2e96c8ad8.jpg;1
gb/a7f6caa8-679a-11e5-9696-40f2e96c8ad8.jpg;1
gb/a86ea5bc-679c-11e5-aa4a-40f2e96c8ad8.jpg;1
gb/a87af798-6799-11e5-ba3c-40f2e96c8ad8.jpg;1
gb/a91c9682-67a0-11e5-a3d2-40f2e96c8ad8.jpg;1
gb/a92f6a34-6799-11e5-ba3c-40f2e96c8ad8.jpg;1
gb/a95b9814-679b-11e5-a533-40f2e96c8ad8.JPG;1
gb/a989026c-679c-11e5-aa4a-40f2e96c8ad8.gif;1
gb/a9e6b336-679b-11e5-a533-40f2e96c8ad8.jpg;1
gb/aa08e41c-6799-11e5-ba3c-40f2e96c8ad8.jpg;1
gb/aa2088ba-679e-11e5-b0d3-40f2e96c8ad8.jpg;1
gb/aa738b2a-67a1-11e5-b4c6-40f2e96c8ad8.jpg;1
gb/aa9b5c1e-67a0-11e5-a3d2-40f2e96c8ad8.jpg;1
gb/aac7590e-679b-11e5-a533-40f2e96c8ad8.jpg;1
gb/aace03c8-6799-11e5-ba3c-40f2e96c8ad8.jpg;1
gb/aacf458c-679c-11e5-aa4a-40f2e96c8ad8.jpg;1
gb/ab9b165a-679a-11e5-9696-40f2e96c8ad8.gif;1
gb/ac306fb4-67a1-11e5-b4c6-40f2e96c8ad8.jpg;1
gb/ac4801f2-67a0-11e5-a3d2-40f2e96c8ad8.jpg;1
gb/adf74f20-679c-11e5-aa4a-40f2e96c8ad8.jpg;1
gb/ae586b14-679e-11e5-b0d3-40f2e96c8ad8.jpg;1
gb/aebebae8-67a0-11e5-a3d2-40f2e96c8ad8.jpg;1
gb/aee55742-67a1-11e5-b4c6-40f2e96c8ad8.jpg;1
gb/afe42072-679e-11e5-b0d3-40f2e96c8ad8.jpg;1
gb/b01814f4-679e-11e5-b0d3-40f2e96c8ad8.jpg;1
gb/b06a0168-67a0-11e5-a3d2-40f2e96c8ad8.jpg;1
gb/b0ce2636-6799-11e5-ba3c-40f2e96c8ad8.jpg;1
gb/b16a45a2-6799-11e5-ba3c-40f2e96c8ad8.jpg;1
gb/b24563b6-679a-11e5-9696-40f2e96c8ad8.jpg;1
gb/b2672666-67a1-11e5-b4c6-40f2e96c8ad8.JPG;1
gb/b2b2799c-679a-11e5-9696-40f2e96c8ad8.jpg;1
gb/b2b2e9aa-6799-11e5-ba3c-40f2e96c8ad8.JPG;1
gb/b2debf3c-67a1-11e5-b4c6-40f2e96c8ad8.jpg;1
gb/b366a456-679c-11e5-aa4a-40f2e96c8ad8.jpg;1
gb/b3f27582-679a-11e5-9696-40f2e96c8ad8.jpg;1
gb/b5175740-6798-11e5-8dd0-40f2e96c8ad8.jpg;1
gb/b5332226-6799-11e5-ba3c-40f2e96c8ad8.jpg;1
gb/b6565998-6799-11e5-ba3c-40f2e96c8ad8.JPG;1
gb/b68d4646-679a-11e5-9696-40f2e96c8ad8.jpg;1
gb/b6b92d2a-679e-11e5-b0d3-40f2e96c8ad8.jpg;1
gb/b76bd582-679a-11e5-9696-40f2e96c8ad8.jpg;1
gb/b7b93148-6799-11e5-ba3c-40f2e96c8ad8.jpg;1
gb/b8cf4c34-679e-11e5-b0d3-40f2e96c8ad8.jpg;1
gb/b900043a-67a0-11e5-a5ed-40f2e96c8ad8.jpg;1
gb/b9543798-6797-11e5-8c9e-40f2e96c8ad8.jpg;1
gb/b95d0380-679e-11e5-b0d3-40f2e96c8ad8.jpg;1
gb/b975e710-679e-11e5-b0d3-40f2e96c8ad8.JPG;1
gb/b985ea72-6797-11e5-8c9e-40f2e96c8ad8.jpg;1
gb/b9a8d744-67a1-11e5-b4c6-40f2e96c8ad8.jpg;1
gb/b9bb0ce8-6797-11e5-8c9e-40f2e96c8ad8.jpg;1
gb/ba01cf5a-679e-11e5-b0d3-40f2e96c8ad8.jpg;1
gb/ba076ca4-6798-11e5-8dd0-40f2e96c8ad8.jpg;1
gb/bb53cebe-679c-11e5-aa4a-40f2e96c8ad8.jpg;1
gb/bb838188-679a-11e5-9696-40f2e96c8ad8.jpg;1
gb/bb874434-679b-11e5-a533-40f2e96c8ad8.jpg;1
gb/bbaf6120-6797-11e5-8c9e-40f2e96c8ad8.jpg;1
gb/bbb8e818-679b-11e5-a533-40f2e96c8ad8.jpg;1
gb/bbd22d48-679e-11e5-b0d3-40f2e96c8ad8.jpg;1
gb/bc0667ea-67a1-11e5-b4c6-40f2e96c8ad8.jpg;1
gb/bc8f2e18-67a1-11e5-b4c6-40f2e96c8ad8.jpeg;1
gb/bd624f24-67a0-11e5-a5ed-40f2e96c8ad8.jpg;1
gb/bda9ce5c-67a1-11e5-b4c6-40f2e96c8ad8.jpg;1
gb/bdb07e74-679b-11e5-a533-40f2e96c8ad8.jpg;1
gb/be03cab8-679e-11e5-b0d3-40f2e96c8ad8.jpg;1
gb/bec9d886-6797-11e5-8c9e-40f2e96c8ad8.jpg;1
gb/bf192dd8-679b-11e5-a533-40f2e96c8ad8.jpg;1
gb/bf3122a4-679f-11e5-89b3-40f2e96c8ad8.jpg;1
gb/bf37d566-679c-11e5-aa4a-40f2e96c8ad8.gif;1
gb/bf5222ac-6799-11e5-ba3c-40f2e96c8ad8.jpg;1
gb/bf694e3e-679c-11e5-aa4a-40f2e96c8ad8.jpg;1
gb/bf9b0514-6797-11e5-8c9e-40f2e96c8ad8.jpg;1
gb/c00e0dcc-679a-11e5-9696-40f2e96c8ad8.jpg;1
gb/c0372cb4-67a1-11e5-b4c6-40f2e96c8ad8.jpg;1
gb/c03f4f8a-679b-11e5-a533-40f2e96c8ad8.jpg;1
gb/c069551e-67a0-11e5-a5ed-40f2e96c8ad8.jpg;1
gb/c0a5fb02-6798-11e5-8dd0-40f2e96c8ad8.jpg;1
gb/c0aa7294-679e-11e5-b0d3-40f2e96c8ad8.jpg;1
gb/c17d10b6-6797-11e5-8c9e-40f2e96c8ad8.jpg;1
gb/c1c788c4-6799-11e5-ba3c-40f2e96c8ad8.jpg;1
gb/c1f1e214-6798-11e5-8dd0-40f2e96c8ad8.jpg;1
gb/c3113530-679f-11e5-89b3-40f2e96c8ad8.jpg;1
gb/c3352676-679e-11e5-b0d3-40f2e96c8ad8.jpg;1
gb/c398e00c-679a-11e5-9696-40f2e96c8ad8.jpg;1
gb/c3d74078-6799-11e5-ba3c-40f2e96c8ad8.jpg;1
gb/c3dc1e4c-6797-11e5-8c9e-40f2e96c8ad8.jpg;1
gb/c4010b44-6797-11e5-8c9e-40f2e96c8ad8.jpg;1
gb/c41226ae-67a1-11e5-b4c6-40f2e96c8ad8.jpg;1
gb/c432b1b2-6797-11e5-8c9e-40f2e96c8ad8.jpg;1
gb/c439e6ea-679b-11e5-a533-40f2e96c8ad8.jpg;1
gb/c45b6c24-6797-11e5-8c9e-40f2e96c8ad8.jpg;1
gb/c4fa80c8-6799-11e5-ba3c-40f2e96c8ad8.jpg;1
gb/c53b02ee-679c-11e5-aa4a-40f2e96c8ad8.jpg;1
gb/c59db31c-67a1-11e5-b4c6-40f2e96c8ad8.jpg;1
gb/c5d5f542-679c-11e5-aa4a-40f2e96c8ad8.jpg;1
gb/c5e12690-679e-11e5-b0d3-40f2e96c8ad8.jpg;1
gb/c6139ab8-6798-11e5-8dd0-40f2e96c8ad8.jpg;1
gb/c65304ce-6797-11e5-8c9e-40f2e96c8ad8.jpg;1
gb/c68f666a-679e-11e5-b0d3-40f2e96c8ad8.jpg;1
gb/c6b67f74-679a-11e5-9696-40f2e96c8ad8.jpg;1
gb/c6c4d7fc-67a1-11e5-b4c6-40f2e96c8ad8.jpg;1
gb/c6da287a-679f-11e5-89b3-40f2e96c8ad8.jpg;1
gb/c78278b2-679b-11e5-a533-40f2e96c8ad8.jpg;1
gb/c7bf40c0-67a1-11e5-b4c6-40f2e96c8ad8.jpg;1
gb/c8b35114-6798-11e5-8dd0-40f2e96c8ad8.jpg;1
gb/c8e3c5a0-679e-11e5-b0d3-40f2e96c8ad8.JPG;1
gb/c97d0eb4-6798-11e5-8dd0-40f2e96c8ad8.jpg;1
gb/c98e686e-679b-11e5-a533-40f2e96c8ad8.jpg;1
gb/c9e9be1e-679e-11e5-b0d3-40f2e96c8ad8.JPG;1
gb/ca8b78da-6799-11e5-ba3c-40f2e96c8ad8.jpg;1
gb/ca905d8e-6797-11e5-8c9e-40f2e96c8ad8.jpg;1
gb/caa468aa-6798-11e5-8dd0-40f2e96c8ad8.jpg;1
gb/cad82176-6799-11e5-ba3c-40f2e96c8ad8.jpg;1
gb/cb079cc2-6798-11e5-8dd0-40f2e96c8ad8.jpg;1
gb/cb7f2eb8-6798-11e5-8dd0-40f2e96c8ad8.jpg;1
gb/cbd479be-6797-11e5-8c9e-40f2e96c8ad8.jpg;1
gb/cc0efe4a-6797-11e5-8c9e-40f2e96c8ad8.jpg;1
gb/cc5c414c-679b-11e5-a533-40f2e96c8ad8.JPG;1
gb/cc866fce-6798-11e5-8dd0-40f2e96c8ad8.jpg;1
gb/cc96c98e-67a0-11e5-a5ed-40f2e96c8ad8.jpg;1
gb/cc9a9b04-679b-11e5-a533-40f2e96c8ad8.jpg;1
gb/cd5be980-679b-11e5-a533-40f2e96c8ad8.jpg;1
gb/cd61f520-6799-11e5-ba3c-40f2e96c8ad8.jpg;1
gb/cdfa98b6-679e-11e5-b0e3-40f2e96c8ad8.jpg;1
gb/ce179f46-679f-11e5-89b3-40f2e96c8ad8.jpg;1
gb/ce2ffdee-6799-11e5-ba3c-40f2e96c8ad8.jpg;1
gb/ce604ba2-6799-11e5-ba3c-40f2e96c8ad8.jpg;1
gb/ce74cffa-679e-11e5-b0e3-40f2e96c8ad8.jpg;1
gb/ce8848d0-679b-11e5-a533-40f2e96c8ad8.jpg;1
gb/cede6f16-67a1-11e5-b4c6-40f2e96c8ad8.jpg;1
gb/cf07558e-67a1-11e5-b4c6-40f2e96c8ad8.jpg;1
gb/cf64b09e-6797-11e5-8c9e-40f2e96c8ad8.jpg;1
gb/cf93f16a-6797-11e5-8c9e-40f2e96c8ad8.jpg;1
gb/cfa45e80-679f-11e5-89b3-40f2e96c8ad8.jpg;1
gb/cfed9f50-679a-11e5-9696-40f2e96c8ad8.jpg;1
gb/d02921cc-679c-11e5-aa4a-40f2e96c8ad8.jpg;1
gb/d068698e-6799-11e5-ba3c-40f2e96c8ad8.jpg;1
gb/d0866434-679e-11e5-b0e3-40f2e96c8ad8.jpg;1
gb/d0b01500-6798-11e5-8dd0-40f2e96c8ad8.jpg;1
gb/d0dcd476-679a-11e5-9696-40f2e96c8ad8.jpg;1
gb/d1625026-679d-11e5-90f4-40f2e96c8ad8.jpg;1
gb/d198277e-679c-11e5-aa4a-40f2e96c8ad8.jpg;1
gb/d220b05e-679b-11e5-a533-40f2e96c8ad8.jpg;1
gb/d2728178-679a-11e5-9696-40f2e96c8ad8.jpg;1
gb/d2f86bda-679f-11e5-89b3-40f2e96c8ad8.jpg;1
gb/d300faf8-6799-11e5-ba3c-40f2e96c8ad8.jpg;1
gb/d35e99e8-6798-11e5-8dd0-40f2e96c8ad8.jpg;1
gb/d3795f60-679a-11e5-9696-40f2e96c8ad8.jpg;1
gb/d3f5d870-679e-11e5-b0e3-40f2e96c8ad8.jpg;1
gb/d422c64c-679d-11e5-90f4-40f2e96c8ad8.jpg;1
gb/d4318cd2-679c-11e5-aa4a-40f2e96c8ad8.jpg;1
gb/d44ef780-6798-11e5-8dd0-40f2e96c8ad8.jpg;1
gb/d4acc77e-6799-11e5-ba3c-40f2e96c8ad8.jpg;1
gb/d5058bb8-67a1-11e5-b4c6-40f2e96c8ad8.jpg;1
gb/d5438138-679d-11e5-8121-40f2e96c8ad8.jpg;1
gb/d5f7425c-679f-11e5-89b3-40f2e96c8ad8.JPG;1
gb/d623eff6-6799-11e5-ba3c-40f2e96c8ad8.jpg;1
gb/d656fc3e-679e-11e5-b0e3-40f2e96c8ad8.jpg;1
gb/d6a362c8-6798-11e5-8dd0-40f2e96c8ad8.jpg;1
gb/d6ed9652-679a-11e5-9696-40f2e96c8ad8.png;1
gb/d73ce4e6-679f-11e5-89b3-40f2e96c8ad8.jpg;1
gb/d785fb6a-6798-11e5-8dd0-40f2e96c8ad8.jpg;1
gb/d7a7087a-679b-11e5-a533-40f2e96c8ad8.jpg;1
gb/d7ae0920-679d-11e5-8121-40f2e96c8ad8.jpg;1
gb/d855e19c-67a0-11e5-a5ed-40f2e96c8ad8.jpg;1
gb/d867f99c-679e-11e5-b0e3-40f2e96c8ad8.jpg;1
gb/d8783704-679d-11e5-8121-40f2e96c8ad8.jpg;1
gb/d8fa3d0c-6799-11e5-80ca-40f2e96c8ad8.jpg;1
gb/d90a077c-679a-11e5-9696-40f2e96c8ad8.jpg;1
gb/d910d13a-6798-11e5-8dd0-40f2e96c8ad8.jpg;1
gb/da3c3ad0-6799-11e5-80ca-40f2e96c8ad8.jpg;1
gb/da93aac2-679e-11e5-b0e3-40f2e96c8ad8.jpg;1
gb/dadd3b28-679f-11e5-89b3-40f2e96c8ad8.jpg;1
gb/db99b9e4-6798-11e5-8dd0-40f2e96c8ad8.jpg;1
gb/dbfa461e-679e-11e5-b0e3-40f2e96c8ad8.jpg;1
gb/dbfdc8b2-679d-11e5-8121-40f2e96c8ad8.jpg;1
gb/dc82a4b4-6799-11e5-80ca-40f2e96c8ad8.jpg;1
gb/dce3483a-679b-11e5-a533-40f2e96c8ad8.JPG;1
gb/dd1a540a-67a1-11e5-b0b2-40f2e96c8ad8.jpg;1
gb/de2721f0-679e-11e5-b0e3-40f2e96c8ad8.jpg;1
gb/dea356a0-67a1-11e5-b0b2-40f2e96c8ad8.jpg;1
gb/df2dfd5c-679f-11e5-89b3-40f2e96c8ad8.jpg;1
gb/df71c664-679e-11e5-b0e3-40f2e96c8ad8.jpg;1
gb/df71f9c8-6798-11e5-8dd0-40f2e96c8ad8.jpg;1
gb/e02d0d7a-679e-11e5-b0e3-40f2e96c8ad8.jpg;1
gb/e08aa49e-6799-11e5-80ca-40f2e96c8ad8.jpg;1
gb/e0b9f4ee-6797-11e5-8c9e-40f2e96c8ad8.jpg;1
gb/e0c11ed8-679f-11e5-89b3-40f2e96c8ad8.jpg;1
gb/e0eccbce-679e-11e5-b0e3-40f2e96c8ad8.jpg;1
gb/e1782006-679a-11e5-9696-40f2e96c8ad8.jpg;1
gb/e184fff8-6798-11e5-8dd0-40f2e96c8ad8.jpg;1
gb/e2d9a7ee-679a-11e5-9696-40f2e96c8ad8.jpg;1
gb/e341e51e-679c-11e5-aa4a-40f2e96c8ad8.jpg;1
gb/e3ad6a0e-6798-11e5-8dd0-40f2e96c8ad8.jpg;1
gb/e43011ac-679d-11e5-8121-40f2e96c8ad8.jpg;1
gb/e442bfce-679c-11e5-aa4a-40f2e96c8ad8.jpg;1
gb/e450d2f6-679e-11e5-b0e3-40f2e96c8ad8.jpg;1
gb/e4552bb4-6797-11e5-8c9e-40f2e96c8ad8.jpg;1
gb/e4b1a670-679f-11e5-89b3-40f2e96c8ad8.jpg;1
gb/e4d9aab4-679d-11e5-8121-40f2e96c8ad8.jpg;1
gb/e4eaa158-679c-11e5-aa4a-40f2e96c8ad8.jpg;1
gb/e508b54c-679e-11e5-b0e3-40f2e96c8ad8.jpg;1
gb/e584c5a6-6799-11e5-80ca-40f2e96c8ad8.jpg;1
gb/e5927d6c-679a-11e5-9696-40f2e96c8ad8.jpg;1
gb/e5e5fe94-679d-11e5-8121-40f2e96c8ad8.jpg;1
gb/e61db024-6797-11e5-8c9e-40f2e96c8ad8.jpg;1
gb/e635ed54-679e-11e5-b0e3-40f2e96c8ad8.jpg;1
gb/e67b0718-6799-11e5-80ca-40f2e96c8ad8.jpg;1
gb/e6ea104e-679f-11e5-89b3-40f2e96c8ad8.jpg;1
gb/e73c30b0-679d-11e5-8121-40f2e96c8ad8.jpg;1
gb/e77bd98c-67a1-11e5-b0b2-40f2e96c8ad8.jpg;1
gb/e7941b4c-67a0-11e5-a5ed-40f2e96c8ad8.jpg;1
gb/e80570cc-679a-11e5-9696-40f2e96c8ad8.jpg;1
gb/e8ea4080-679f-11e5-89b3-40f2e96c8ad8.jpg;1
gb/e911df08-679c-11e5-aa4a-40f2e96c8ad8.jpg;1
gb/e9414010-679a-11e5-9696-40f2e96c8ad8.jpg;1
gb/e9b135ec-679e-11e5-b0e3-40f2e96c8ad8.jpg;1
gb/eac25830-6799-11e5-80ca-40f2e96c8ad8.jpg;1
gb/eb929eb6-67a1-11e5-b0b2-40f2e96c8ad8.jpg;1
gb/ec63509c-679c-11e5-aa4a-40f2e96c8ad8.jpg;1
gb/ec9608d6-679a-11e5-9696-40f2e96c8ad8.png;1
gb/ec9e75b8-679d-11e5-8121-40f2e96c8ad8.jpg;1
gb/ed080708-679d-11e5-8121-40f2e96c8ad8.jpg;1
gb/ed78ccda-679e-11e5-b0e3-40f2e96c8ad8.jpg;1
gb/edd8dd2a-679c-11e5-aa4a-40f2e96c8ad8.JPG;1
gb/ee14153c-679e-11e5-b0e3-40f2e96c8ad8.jpg;1
gb/ee6d65b6-679d-11e5-8121-40f2e96c8ad8.jpg;1
gb/eee87598-679e-11e5-b0e3-40f2e96c8ad8.jpg;1
gb/ef2002e6-679f-11e5-89b3-40f2e96c8ad8.jpg;1
gb/ef323454-6798-11e5-8dd0-40f2e96c8ad8.jpg;1
gb/ef9c9fe8-679c-11e5-aa4a-40f2e96c8ad8.jpg;1
gb/f0092422-679e-11e5-b0e3-40f2e96c8ad8.jpg;1
gb/f0494004-679c-11e5-aa4a-40f2e96c8ad8.jpg;1
gb/f071a9c6-679d-11e5-8121-40f2e96c8ad8.jpg;1
gb/f0c97200-679d-11e5-8121-40f2e96c8ad8.jpg;1
gb/f125ff10-679e-11e5-b0e3-40f2e96c8ad8.jpg;1
gb/f174c27e-679b-11e5-a533-40f2e96c8ad8.jpg;1
gb/f1ddb3de-679f-11e5-89b3-40f2e96c8ad8.jpg;1
gb/f250d9be-679e-11e5-b0e3-40f2e96c8ad8.jpg;1
gb/f2b7e2da-679e-11e5-b0e3-40f2e96c8ad8.jpg;1
gb/f2d5cf54-67a1-11e5-b0b2-40f2e96c8ad8.jpg;1
gb/f3368b1c-679e-11e5-b0e3-40f2e96c8ad8.jpg;1
gb/f3905e74-67a0-11e5-a5ed-40f2e96c8ad8.jpg;1
gb/f3f192f0-6798-11e5-8dd0-40f2e96c8ad8.jpg;1
gb/f3f6e950-679b-11e5-a533-40f2e96c8ad8.jpg;1
gb/f41d53c6-679e-11e5-b0e3-40f2e96c8ad8.jpg;1
gb/f42f666e-679f-11e5-89b3-40f2e96c8ad8.jpg;1
gb/f469624a-6797-11e5-8c9e-40f2e96c8ad8.jpg;1
gb/f4eaa9ea-679c-11e5-aa4a-40f2e96c8ad8.jpg;1
gb/f50857e8-679b-11e5-a533-40f2e96c8ad8.jpg;1
gb/f57caa36-679f-11e5-89b3-40f2e96c8ad8.jpg;1
gb/f62feb16-6798-11e5-8dd0-40f2e96c8ad8.jpg;1
gb/f649a522-679a-11e5-9696-40f2e96c8ad8.jpg;1
gb/f775f9c8-679f-11e5-89b3-40f2e96c8ad8.jpg;1
gb/f790009e-679e-11e5-b0e3-40f2e96c8ad8.jpg;1
gb/f7c31030-679c-11e5-90f4-40f2e96c8ad8.jpg;1
gb/f91b9ba2-679a-11e5-9696-40f2e96c8ad8.jpg;1
gb/f9deda16-6797-11e5-8c9e-40f2e96c8ad8.jpg;1
gb/fa91c5ba-679f-11e5-89b3-40f2e96c8ad8.jpg;1
gb/fad5823e-6798-11e5-8dd0-40f2e96c8ad8.jpg;1
gb/fbfcf044-6797-11e5-8c9e-40f2e96c8ad8.jpg;1
gb/fc27730a-679c-11e5-90f4-40f2e96c8ad8.jpg;1
gb/fcd92d2a-67a1-11e5-b0b2-40f2e96c8ad8.jpg;1
gb/fcf6aa8c-679f-11e5-89b3-40f2e96c8ad8.jpg;1
gb/fd0a8fd2-6797-11e5-8c9e-40f2e96c8ad8.jpg;1
gb/fd66bbc8-67a0-11e5-a5ed-40f2e96c8ad8.jpg;1
gb/fd67a08c-67a1-11e5-b0b2-40f2e96c8ad8.jpg;1
gb/fe465ee6-679f-11e5-89b3-40f2e96c8ad8.jpg;1
gb/ff34fbda-6797-11e5-8c9e-40f2e96c8ad8.jpg;1
no_gb/0079f22c-943c-11e5-b41b-40f2e96c8ad8.jpg;0
no_gb/01042012-9439-11e5-982d-40f2e96c8ad8.jpg;0
no_gb/02853840-9448-11e5-a21d-40f2e96c8ad8.jpg;0
no_gb/02fa581e-9448-11e5-a21d-40f2e96c8ad8.jpg;0
no_gb/0342b9ba-9448-11e5-a21d-40f2e96c8ad8.jpg;0
no_gb/036fd5a0-943c-11e5-b41b-40f2e96c8ad8.jpg;0
no_gb/037a5d92-9449-11e5-a299-40f2e96c8ad8.JPG;0
no_gb/04a057ea-943e-11e5-a062-40f2e96c8ad8.jpg;0
no_gb/05304a9e-9439-11e5-982d-40f2e96c8ad8.jpg;0
no_gb/0649c272-943c-11e5-b41b-40f2e96c8ad8.jpg;0
no_gb/074a0a40-9439-11e5-982d-40f2e96c8ad8.jpg;0
no_gb/090e642a-943e-11e5-a062-40f2e96c8ad8.jpg;0
no_gb/09976ed4-943c-11e5-b41b-40f2e96c8ad8.jpg;0
no_gb/09b40ca4-9439-11e5-982d-40f2e96c8ad8.jpg;0
no_gb/09de043c-943e-11e5-a062-40f2e96c8ad8.jpg;0
no_gb/0a35009a-943c-11e5-b41b-40f2e96c8ad8.jpg;0
no_gb/0a86e8d6-943e-11e5-a062-40f2e96c8ad8.jpg;0
no_gb/0b3c11a0-e607-11e5-a917-40f2e96c8ad8.jpg;0
no_gb/0bfec33e-943c-11e5-b41b-40f2e96c8ad8.jpg;0
no_gb/0cba8004-9439-11e5-982d-40f2e96c8ad8.jpg;0
no_gb/0cea993a-943c-11e5-b41b-40f2e96c8ad8.jpg;0
no_gb/0d349966-9439-11e5-982d-40f2e96c8ad8.jpg;0
no_gb/0dd843c6-943a-11e5-ba6d-40f2e96c8ad8.jpg;0
no_gb/0f6472ba-943e-11e5-a062-40f2e96c8ad8.jpg;0
no_gb/0fbb8f34-943c-11e5-b41b-40f2e96c8ad8.jpg;0
no_gb/1070253c-943e-11e5-a062-40f2e96c8ad8.jpg;0
no_gb/11248c42-e606-11e5-a917-40f2e96c8ad8.jpg;0
no_gb/119121a0-9439-11e5-982d-40f2e96c8ad8.jpg;0
no_gb/1273a1ec-9439-11e5-982d-40f2e96c8ad8.jpg;0
no_gb/12f96b88-9439-11e5-982d-40f2e96c8ad8.jpg;0
no_gb/134cc020-9449-11e5-a299-40f2e96c8ad8.jpg;0
no_gb/137f77d2-943e-11e5-a062-40f2e96c8ad8.jpg;0
no_gb/14c07d3e-9449-11e5-a299-40f2e96c8ad8.png;0
no_gb/14c59dde-9447-11e5-9ae8-40f2e96c8ad8.jpg;0
no_gb/14cbb91e-943b-11e5-9fb2-40f2e96c8ad8.jpg;0
no_gb/1504f13a-9449-11e5-a299-40f2e96c8ad8.jpg;0
no_gb/152f47d8-9439-11e5-982d-40f2e96c8ad8.jpg;0
no_gb/15b70e5e-943c-11e5-b41b-40f2e96c8ad8.jpg;0
no_gb/16364606-943c-11e5-b41b-40f2e96c8ad8.jpg;0
no_gb/1650d440-943b-11e5-9fb2-40f2e96c8ad8.jpg;0
no_gb/171058bc-9439-11e5-982d-40f2e96c8ad8.jpg;0
no_gb/178193a8-943c-11e5-b41b-40f2e96c8ad8.jpg;0
no_gb/17a82974-943b-11e5-9fb2-40f2e96c8ad8.jpg;0
no_gb/17fefb26-9447-11e5-9ae8-40f2e96c8ad8.jpg;0
no_gb/18404e78-9447-11e5-9ae8-40f2e96c8ad8.jpg;0
no_gb/18a5a01a-9439-11e5-982d-40f2e96c8ad8.jpg;0
no_gb/1b7ab13a-943a-11e5-ba6d-40f2e96c8ad8.jpg;0
no_gb/1c15c44a-943a-11e5-ba6d-40f2e96c8ad8.jpg;0
no_gb/1cc43456-943c-11e5-b41b-40f2e96c8ad8.jpg;0
no_gb/1cd0e2ae-9447-11e5-9ae8-40f2e96c8ad8.jpg;0
no_gb/1cec0ee2-e606-11e5-a917-40f2e96c8ad8.jpg;0
no_gb/1cfd2f8e-9439-11e5-982d-40f2e96c8ad8.jpg;0
no_gb/1dee8bd6-9439-11e5-982d-40f2e96c8ad8.jpg;0
no_gb/1e6c0b8c-e606-11e5-a917-40f2e96c8ad8.jpg;0
no_gb/1e8ecce0-9439-11e5-982d-40f2e96c8ad8.jpg;0
no_gb/1eb6a676-9447-11e5-9ae8-40f2e96c8ad8.jpg;0
no_gb/1f4fe874-943b-11e5-9fb2-40f2e96c8ad8.jpg;0
no_gb/1f93f60a-e606-11e5-a917-40f2e96c8ad8.jpg;0
no_gb/217f6160-943b-11e5-9fb2-40f2e96c8ad8.jpg;0
no_gb/21cf291a-9441-11e5-a88c-40f2e96c8ad8.jpg;0
no_gb/2343d112-943a-11e5-ba6d-40f2e96c8ad8.jpg;0
no_gb/236cf07a-943e-11e5-a062-40f2e96c8ad8.jpg;0
no_gb/23bc99a2-e607-11e5-a917-40f2e96c8ad8.jpg;0
no_gb/23c81784-9439-11e5-982d-40f2e96c8ad8.jpg;0
no_gb/246058ea-e606-11e5-a917-40f2e96c8ad8.jpg;0
no_gb/248c433c-943b-11e5-9fb2-40f2e96c8ad8.jpg;0
no_gb/2585e43e-9439-11e5-bc72-40f2e96c8ad8.jpg;0
no_gb/2619fbc4-943e-11e5-a062-40f2e96c8ad8.jpg;0
no_gb/262dd0a8-943a-11e5-ba6d-40f2e96c8ad8.jpg;0
no_gb/27dbc6d4-943b-11e5-9fb2-40f2e96c8ad8.jpg;0
no_gb/2831b654-943e-11e5-a062-40f2e96c8ad8.jpg;0
no_gb/29d6fd7e-943a-11e5-ba6d-40f2e96c8ad8.jpg;0
no_gb/29f67808-943e-11e5-a062-40f2e96c8ad8.jpg;0
no_gb/2a4ccc06-943b-11e5-9fb2-40f2e96c8ad8.jpg;0
no_gb/2b2be504-e606-11e5-a917-40f2e96c8ad8.jpg;0
no_gb/2b322f1e-9439-11e5-bc72-40f2e96c8ad8.jpg;0
no_gb/2c4cf9ce-943e-11e5-a062-40f2e96c8ad8.jpg;0
no_gb/2c784c4a-e606-11e5-a917-40f2e96c8ad8.jpg;0
no_gb/2c904bde-9439-11e5-bc72-40f2e96c8ad8.jpg;0
no_gb/2d6a3042-9439-11e5-bc72-40f2e96c8ad8.jpg;0
no_gb/2d96542e-943e-11e5-a062-40f2e96c8ad8.JPG;0
no_gb/2e059190-943e-11e5-a062-40f2e96c8ad8.jpg;0
no_gb/2e1c2af2-943b-11e5-9fb2-40f2e96c8ad8.JPG;0
no_gb/2e402ad4-e606-11e5-a917-40f2e96c8ad8.jpg;0
no_gb/2e930678-943a-11e5-ba6d-40f2e96c8ad8.jpg;0
no_gb/2ec9f526-9439-11e5-bc72-40f2e96c8ad8.jpg;0
no_gb/2f23b228-943e-11e5-a062-40f2e96c8ad8.jpg;0
no_gb/2f8c8500-9439-11e5-bc72-40f2e96c8ad8.jpg;0
no_gb/2fce2cd0-943e-11e5-a062-40f2e96c8ad8.jpg;0
no_gb/2fe04bda-943a-11e5-ba6d-40f2e96c8ad8.jpg;0
no_gb/3034a670-e607-11e5-a917-40f2e96c8ad8.jpg;0
no_gb/316009d2-e606-11e5-a917-40f2e96c8ad8.jpeg;0
no_gb/321c8322-e607-11e5-a917-40f2e96c8ad8.jpg;0
no_gb/32e728f4-9439-11e5-bc72-40f2e96c8ad8.jpg;0
no_gb/32f5a712-943e-11e5-a062-40f2e96c8ad8.jpg;0
no_gb/333003e8-943a-11e5-ba6d-40f2e96c8ad8.jpg;0
no_gb/33df22ca-9439-11e5-bc72-40f2e96c8ad8.jpg;0
no_gb/34943970-e606-11e5-a917-40f2e96c8ad8.jpg;0
no_gb/3561d87e-9441-11e5-a88c-40f2e96c8ad8.jpg;0
no_gb/359cbce8-e606-11e5-a917-40f2e96c8ad8.jpg;0
no_gb/3663a38e-943b-11e5-9fb2-40f2e96c8ad8.jpg;0
no_gb/36bb8ed4-9439-11e5-bc72-40f2e96c8ad8.jpg;0
no_gb/36da0970-943b-11e5-9fb2-40f2e96c8ad8.jpg;0
no_gb/378d660c-9439-11e5-bc72-40f2e96c8ad8.jpg;0
no_gb/386fd71a-e607-11e5-a917-40f2e96c8ad8.jpg;0
no_gb/38b3f02e-9447-11e5-9ae8-40f2e96c8ad8.jpg;0
no_gb/38b71ab2-e607-11e5-a917-40f2e96c8ad8.jpg;0
no_gb/3960fbc6-9441-11e5-a88c-40f2e96c8ad8.jpg;0
no_gb/39d12c12-943b-11e5-9fb2-40f2e96c8ad8.jpg;0
no_gb/3b479c1a-9441-11e5-a88c-40f2e96c8ad8.gif;0
no_gb/3b4e39c8-943a-11e5-ba6d-40f2e96c8ad8.jpg;0
no_gb/3b5388c6-9447-11e5-9ae8-40f2e96c8ad8.jpg;0
no_gb/3b9e802a-9441-11e5-a88c-40f2e96c8ad8.jpg;0
no_gb/3badde48-9447-11e5-9ae8-40f2e96c8ad8.jpg;0
no_gb/3bfcf8d8-9439-11e5-bc72-40f2e96c8ad8.jpg;0
no_gb/3cc6ad18-943e-11e5-a062-40f2e96c8ad8.jpg;0
no_gb/3db1daf8-943a-11e5-ba6d-40f2e96c8ad8.JPG;0
no_gb/3ddda558-9439-11e5-bc72-40f2e96c8ad8.jpg;0
no_gb/3efce084-9439-11e5-bc72-40f2e96c8ad8.jpg;0
no_gb/3f2f8216-9441-11e5-a88c-40f2e96c8ad8.jpg;0
no_gb/3f743faa-9441-11e5-a88c-40f2e96c8ad8.jpg;0
no_gb/3fc1c6f2-9447-11e5-9ae8-40f2e96c8ad8.jpg;0
no_gb/3fc97f74-9441-11e5-a88c-40f2e96c8ad8.jpg;0
no_gb/400a5f94-9441-11e5-a88c-40f2e96c8ad8.jpg;0
no_gb/40dc5940-9441-11e5-a88c-40f2e96c8ad8.jpg;0
no_gb/411cc258-9439-11e5-bc72-40f2e96c8ad8.jpg;0
no_gb/41477f84-943e-11e5-a062-40f2e96c8ad8.jpg;0
no_gb/41f3a844-943a-11e5-ba6d-40f2e96c8ad8.jpg;0
no_gb/426ba6da-9441-11e5-a88c-40f2e96c8ad8.jpg;0
no_gb/433fa0cc-943a-11e5-ba6d-40f2e96c8ad8.jpg;0
no_gb/4397503e-9439-11e5-bc72-40f2e96c8ad8.jpg;0
no_gb/4407a65e-9439-11e5-bc72-40f2e96c8ad8.jpg;0
no_gb/440b7df8-9441-11e5-a88c-40f2e96c8ad8.jpg;0
no_gb/4486d67c-9439-11e5-bc72-40f2e96c8ad8.jpg;0
no_gb/45758ec6-9447-11e5-9ae8-40f2e96c8ad8.jpg;0
no_gb/45839b50-943e-11e5-a062-40f2e96c8ad8.jpg;0
no_gb/4697d448-9439-11e5-bc72-40f2e96c8ad8.jpg;0
no_gb/46c04de0-943b-11e5-9fb2-40f2e96c8ad8.JPG;0
no_gb/471adb9c-9441-11e5-a88c-40f2e96c8ad8.jpg;0
no_gb/480ada60-9447-11e5-9ae8-40f2e96c8ad8.jpg;0
no_gb/48423ad6-943e-11e5-a062-40f2e96c8ad8.jpg;0
no_gb/48f0afb6-943a-11e5-ba6d-40f2e96c8ad8.jpg;0
no_gb/49885556-9439-11e5-bc72-40f2e96c8ad8.gif;0
no_gb/4a2ee480-9447-11e5-9ae8-40f2e96c8ad8.jpg;0
no_gb/4a860eee-943e-11e5-a062-40f2e96c8ad8.JPG;0
no_gb/4af05bf2-9441-11e5-a88c-40f2e96c8ad8.jpg;0
no_gb/4b7c1434-9447-11e5-9ae8-40f2e96c8ad8.jpg;0
no_gb/4b8767ba-943a-11e5-ba6d-40f2e96c8ad8.jpg;0
no_gb/4bf0cf80-943e-11e5-a062-40f2e96c8ad8.gif;0
no_gb/4c8eba74-9439-11e5-bc72-40f2e96c8ad8.jpg;0
no_gb/4cd7396c-9447-11e5-9ae8-40f2e96c8ad8.jpg;0
no_gb/4ce3d24a-9441-11e5-a88c-40f2e96c8ad8.jpg;0
no_gb/4ceaa9ba-943e-11e5-a062-40f2e96c8ad8.jpg;0
no_gb/4cf9ce3e-9445-11e5-ac62-40f2e96c8ad8.jpg;0
no_gb/4db644b0-943b-11e5-9fb2-40f2e96c8ad8.jpg;0
no_gb/4df4e244-943e-11e5-a062-40f2e96c8ad8.jpg;0
no_gb/4f386612-9439-11e5-bc72-40f2e96c8ad8.jpg;0
no_gb/4fea3f94-943a-11e5-ba6d-40f2e96c8ad8.jpg;0
no_gb/5001f3f4-943b-11e5-9fb2-40f2e96c8ad8.jpg;0
no_gb/501768e0-9442-11e5-b2a9-40f2e96c8ad8.jpg;0
no_gb/50437222-9439-11e5-bc72-40f2e96c8ad8.jpg;0
no_gb/5073cc08-9441-11e5-a88c-40f2e96c8ad8.jpg;0
no_gb/51189a44-9441-11e5-a88c-40f2e96c8ad8.jpg;0
no_gb/51806f6e-943e-11e5-a062-40f2e96c8ad8.jpg;0
no_gb/5196f494-9445-11e5-ac62-40f2e96c8ad8.jpg;0
no_gb/51d2b98e-9445-11e5-ac62-40f2e96c8ad8.jpg;0
no_gb/52410568-9447-11e5-9ae8-40f2e96c8ad8.jpg;0
no_gb/52594eb4-943a-11e5-ba6d-40f2e96c8ad8.jpg;0
no_gb/527cc602-9447-11e5-9ae8-40f2e96c8ad8.JPG;0
no_gb/52c192d6-943e-11e5-a062-40f2e96c8ad8.jpg;0
no_gb/5309ad92-9442-11e5-b2a9-40f2e96c8ad8.png;0
no_gb/5337b0a0-943f-11e5-ae9b-40f2e96c8ad8.jpg;0
no_gb/53882c70-9439-11e5-bc72-40f2e96c8ad8.JPG;0
no_gb/53b1a586-e606-11e5-a917-40f2e96c8ad8.jpg;0
no_gb/54218f40-e606-11e5-a917-40f2e96c8ad8.jpg;0
no_gb/5473746a-943d-11e5-876f-40f2e96c8ad8.jpg;0
no_gb/54b07498-9445-11e5-ac62-40f2e96c8ad8.jpg;0
no_gb/54efba16-9447-11e5-9ae8-40f2e96c8ad8.jpg;0
no_gb/553836ec-9447-11e5-9ae8-40f2e96c8ad8.jpg;0
no_gb/5538ec76-943e-11e5-a062-40f2e96c8ad8.jpg;0
no_gb/5545b4de-943d-11e5-876f-40f2e96c8ad8.bmp;0
no_gb/558644b0-9445-11e5-ac62-40f2e96c8ad8.jpg;0
no_gb/560f21cc-9445-11e5-ac62-40f2e96c8ad8.jpg;0
no_gb/56551b50-9445-11e5-ac62-40f2e96c8ad8.jpg;0
no_gb/56dbd896-9447-11e5-9ae8-40f2e96c8ad8.jpg;0
no_gb/56e652fc-9439-11e5-bc72-40f2e96c8ad8.jpg;0
no_gb/575b4aba-943b-11e5-9fb2-40f2e96c8ad8.jpg;0
no_gb/57b3d7a8-e606-11e5-a917-40f2e96c8ad8.jpg;0
no_gb/57dc3b04-943e-11e5-a062-40f2e96c8ad8.jpg;0
no_gb/58c56134-943a-11e5-ba6d-40f2e96c8ad8.jpg;0
no_gb/58fa2432-e606-11e5-a917-40f2e96c8ad8.jpg;0
no_gb/59b0f6ce-9441-11e5-a88c-40f2e96c8ad8.jpg;0
no_gb/5a332aa2-943e-11e5-a062-40f2e96c8ad8.jpg;0
no_gb/5a931422-9447-11e5-9ae8-40f2e96c8ad8.jpg;0
no_gb/5af846c0-943e-11e5-a062-40f2e96c8ad8.jpg;0
no_gb/5bf49480-9447-11e5-9ae8-40f2e96c8ad8.jpg;0
no_gb/5c2b4a2a-9447-11e5-9ae8-40f2e96c8ad8.jpg;0
no_gb/5c5a34d2-943a-11e5-ba6d-40f2e96c8ad8.JPG;0
no_gb/5c6276bc-943d-11e5-876f-40f2e96c8ad8.jpg;0
no_gb/5c6ae7e8-9447-11e5-9ae8-40f2e96c8ad8.jpg;0
no_gb/5caf1176-9441-11e5-a88c-40f2e96c8ad8.jpg;0
no_gb/5cb4b058-9447-11e5-9ae8-40f2e96c8ad8.JPG;0
no_gb/5cf352d4-e606-11e5-a917-40f2e96c8ad8.jpg;0
no_gb/5d517300-e606-11e5-a917-40f2e96c8ad8.jpg;0
no_gb/5d67cf28-943b-11e5-9fb2-40f2e96c8ad8.jpg;0
no_gb/5d77b10c-943d-11e5-876f-40f2e96c8ad8.jpg;0
no_gb/5dc9df86-943d-11e5-876f-40f2e96c8ad8.jpg;0
no_gb/5de68de8-9442-11e5-b2a9-40f2e96c8ad8.jpg;0
no_gb/5e19df24-943b-11e5-9fb2-40f2e96c8ad8.jpg;0
no_gb/5eaec3be-943b-11e5-9fb2-40f2e96c8ad8.jpg;0
no_gb/5eb8904a-9447-11e5-9ae8-40f2e96c8ad8.jpg;0
no_gb/5ee94ad8-9441-11e5-a88c-40f2e96c8ad8.jpg;0
no_gb/5f3451aa-943b-11e5-9fb2-40f2e96c8ad8.jpg;0
no_gb/5f3e1588-e606-11e5-a917-40f2e96c8ad8.jpg;0
no_gb/5f46216c-9442-11e5-b2a9-40f2e96c8ad8.jpeg;0
no_gb/60270274-9445-11e5-ac62-40f2e96c8ad8.jpg;0
no_gb/60371c6a-943e-11e5-a062-40f2e96c8ad8.jpg;0
no_gb/6067a5de-9447-11e5-9ae8-40f2e96c8ad8.jpg;0
no_gb/6087bc68-9445-11e5-ac62-40f2e96c8ad8.jpg;0
no_gb/60d6a218-943d-11e5-876f-40f2e96c8ad8.jpg;0
no_gb/6121b11e-9441-11e5-a88c-40f2e96c8ad8.jpg;0
no_gb/61534d74-943b-11e5-9fb2-40f2e96c8ad8.jpg;0
no_gb/61a9b040-9442-11e5-b2a9-40f2e96c8ad8.jpg;0
no_gb/62017a5a-943d-11e5-876f-40f2e96c8ad8.jpg;0
no_gb/621f9700-9439-11e5-bc72-40f2e96c8ad8.jpg;0
no_gb/623f8e8c-9445-11e5-ac62-40f2e96c8ad8.jpg;0
no_gb/6281d9c0-9447-11e5-9ae8-40f2e96c8ad8.jpg;0
no_gb/62f48f88-9442-11e5-b2a9-40f2e96c8ad8.jpg;0
no_gb/631047da-943a-11e5-ba6d-40f2e96c8ad8.jpg;0
no_gb/6399b7ba-943d-11e5-876f-40f2e96c8ad8.jpg;0
no_gb/63be1900-943f-11e5-ae9b-40f2e96c8ad8.jpg;0
no_gb/642b7e92-943e-11e5-a062-40f2e96c8ad8.JPG;0
no_gb/650f497c-9445-11e5-ac62-40f2e96c8ad8.jpg;0
no_gb/65f0bdc8-9439-11e5-bc72-40f2e96c8ad8.jpg;0
no_gb/661899be-943a-11e5-ba6d-40f2e96c8ad8.jpg;0
no_gb/66391ec2-943b-11e5-9fb2-40f2e96c8ad8.jpg;0
no_gb/663cf2c0-943d-11e5-876f-40f2e96c8ad8.jpg;0
no_gb/66b32e52-943f-11e5-ae9b-40f2e96c8ad8.jpeg;0
no_gb/672599a2-9439-11e5-bc72-40f2e96c8ad8.jpg;0
no_gb/6735f7be-9445-11e5-ac62-40f2e96c8ad8.jpg;0
no_gb/678f334c-943b-11e5-9fb2-40f2e96c8ad8.jpg;0
no_gb/67a30e40-943a-11e5-ba6d-40f2e96c8ad8.jpg;0
no_gb/67b98bcc-943d-11e5-876f-40f2e96c8ad8.jpg;0
no_gb/681c5144-9442-11e5-b2a9-40f2e96c8ad8.jpg;0
no_gb/6882d570-e606-11e5-a917-40f2e96c8ad8.jpg;0
no_gb/68baab0a-9447-11e5-9ae8-40f2e96c8ad8.JPG;0
no_gb/68deb24a-9445-11e5-ac62-40f2e96c8ad8.jpg;0
no_gb/690500b4-9439-11e5-bc72-40f2e96c8ad8.jpg;0
no_gb/698fa33a-943f-11e5-ae9b-40f2e96c8ad8.jpg;0
no_gb/6a6f2d68-9442-11e5-b2a9-40f2e96c8ad8.jpg;0
no_gb/6a77164c-943b-11e5-9fb2-40f2e96c8ad8.jpg;0
no_gb/6b2a5106-9447-11e5-9ae8-40f2e96c8ad8.jpg;0
no_gb/6b56e8f4-943f-11e5-ae9b-40f2e96c8ad8.jpg;0
no_gb/6b86ff20-9445-11e5-ac62-40f2e96c8ad8.jpg;0
no_gb/6bb8432e-e606-11e5-a917-40f2e96c8ad8.jpg;0
no_gb/6bdfc44e-943a-11e5-ba6d-40f2e96c8ad8.jpg;0
no_gb/6c94c4ea-9442-11e5-b2a9-40f2e96c8ad8.jpg;0
no_gb/6d88d744-943b-11e5-9fb2-40f2e96c8ad8.jpg;0
no_gb/6db1d822-943d-11e5-876f-40f2e96c8ad8.jpg;0
no_gb/6ddb3868-9445-11e5-ac62-40f2e96c8ad8.jpg;0
no_gb/6e489444-9445-11e5-ac62-40f2e96c8ad8.jpg;0
no_gb/6f11c81e-943b-11e5-9fb2-40f2e96c8ad8.jpg;0
no_gb/6f66fe40-9442-11e5-b2a9-40f2e96c8ad8.jpg;0
no_gb/6f70e600-9445-11e5-ac62-40f2e96c8ad8.jpg;0
no_gb/7024af0e-9441-11e5-a88c-40f2e96c8ad8.JPG;0
no_gb/7075267e-9445-11e5-ac62-40f2e96c8ad8.jpg;0
no_gb/70d6b746-943f-11e5-ae9b-40f2e96c8ad8.jpg;0
no_gb/710b8932-9442-11e5-b2a9-40f2e96c8ad8.jpg;0
no_gb/7142daa4-943d-11e5-876f-40f2e96c8ad8.jpg;0
no_gb/714b9446-9442-11e5-b2a9-40f2e96c8ad8.jpg;0
no_gb/7159761c-943b-11e5-9fb2-40f2e96c8ad8.jpg;0
no_gb/715ad706-943f-11e5-ae9b-40f2e96c8ad8.jpg;0
no_gb/71953b48-943b-11e5-9fb2-40f2e96c8ad8.jpg;0
no_gb/71ec0160-943d-11e5-876f-40f2e96c8ad8.jpg;0
no_gb/723eb446-943d-11e5-876f-40f2e96c8ad8.jpg;0
no_gb/724eec64-943b-11e5-9fb2-40f2e96c8ad8.JPG;0
no_gb/72667936-9447-11e5-9ae8-40f2e96c8ad8.jpg;0
no_gb/72822166-e606-11e5-a917-40f2e96c8ad8.jpg;0
no_gb/72ae7930-9441-11e5-a88c-40f2e96c8ad8.jpg;0
no_gb/731b644c-9445-11e5-ac62-40f2e96c8ad8.jpg;0
no_gb/738cdaba-943f-11e5-ae9b-40f2e96c8ad8.jpg;0
no_gb/739c3700-9442-11e5-b2a9-40f2e96c8ad8.jpg;0
no_gb/73dec4bc-9442-11e5-b2a9-40f2e96c8ad8.jpg;0
no_gb/7432e1c8-9442-11e5-b2a9-40f2e96c8ad8.jpg;0
no_gb/74373d96-9441-11e5-a88c-40f2e96c8ad8.jpg;0
no_gb/744c67f4-943a-11e5-ba6d-40f2e96c8ad8.jpg;0
no_gb/75039dc2-943d-11e5-876f-40f2e96c8ad8.jpg;0
no_gb/750bf552-9439-11e5-bc72-40f2e96c8ad8.jpg;0
no_gb/7543d9da-e606-11e5-a917-40f2e96c8ad8.jpg;0
no_gb/75a6bde8-943f-11e5-ae9b-40f2e96c8ad8.jpg;0
no_gb/75ae79b6-e606-11e5-a917-40f2e96c8ad8.jpg;0
no_gb/75e3d502-943f-11e5-ae9b-40f2e96c8ad8.jpg;0
no_gb/7601d3b8-943a-11e5-ba6d-40f2e96c8ad8.jpg;0
no_gb/760de216-e606-11e5-a917-40f2e96c8ad8.jpg;0
no_gb/76209cc2-9439-11e5-bc72-40f2e96c8ad8.jpg;0
no_gb/7638528c-9442-11e5-b2a9-40f2e96c8ad8.jpg;0
no_gb/763db9c2-943b-11e5-9fb2-40f2e96c8ad8.jpg;0
no_gb/7652950a-e606-11e5-a917-40f2e96c8ad8.jpg;0
no_gb/76670454-943f-11e5-ae9b-40f2e96c8ad8.jpg;0
no_gb/76691f10-9439-11e5-bc72-40f2e96c8ad8.jpg;0
no_gb/769c997a-e606-11e5-a917-40f2e96c8ad8.jpg;0
no_gb/76d8f126-9445-11e5-ac62-40f2e96c8ad8.jpg;0
no_gb/77215eb6-9445-11e5-ac62-40f2e96c8ad8.JPG;0
no_gb/77976064-943d-11e5-876f-40f2e96c8ad8.JPG;0
no_gb/77bddbaa-9441-11e5-a88c-40f2e96c8ad8.jpg;0
no_gb/77e97b88-943d-11e5-876f-40f2e96c8ad8.jpg;0
no_gb/780a2e10-9441-11e5-a88c-40f2e96c8ad8.jpg;0
no_gb/78166ff2-9439-11e5-bc72-40f2e96c8ad8.jpg;0
no_gb/78bad6da-9445-11e5-ac62-40f2e96c8ad8.jpg;0
no_gb/78c73202-9442-11e5-b2a9-40f2e96c8ad8.jpg;0
no_gb/78f12894-e606-11e5-a917-40f2e96c8ad8.jpg;0
no_gb/78f55a8a-9445-11e5-ac62-40f2e96c8ad8.jpg;0
no_gb/79125c08-943a-11e5-ba6d-40f2e96c8ad8.jpg;0
no_gb/79183a20-9439-11e5-bc72-40f2e96c8ad8.jpg;0
no_gb/79363f50-9445-11e5-ac62-40f2e96c8ad8.jpg;0
no_gb/795bc862-9439-11e5-bc72-40f2e96c8ad8.jpg;0
no_gb/79d02958-9445-11e5-ac62-40f2e96c8ad8.JPG;0
no_gb/79ec4734-9439-11e5-bc72-40f2e96c8ad8.jpg;0
no_gb/7a17658e-9445-11e5-ac62-40f2e96c8ad8.jpg;0
no_gb/7a1ce9a6-943f-11e5-ae9b-40f2e96c8ad8.jpg;0
no_gb/7a43f920-9439-11e5-bc72-40f2e96c8ad8.jpg;0
no_gb/7a4c9f42-943b-11e5-9fb2-40f2e96c8ad8.jpg;0
no_gb/7a8ec11a-943b-11e5-9fb2-40f2e96c8ad8.jpg;0
no_gb/7b57b41c-943b-11e5-9fb2-40f2e96c8ad8.jpg;0
no_gb/7b695948-943a-11e5-ba6d-40f2e96c8ad8.jpg;0
no_gb/7b9027fa-943d-11e5-876f-40f2e96c8ad8.jpg;0
no_gb/7be8d2e4-9445-11e5-ac62-40f2e96c8ad8.jpg;0
no_gb/7c067d9a-943f-11e5-ae9b-40f2e96c8ad8.jpg;0
no_gb/7c2c9986-943e-11e5-a062-40f2e96c8ad8.jpg;0
no_gb/7c853f1a-9442-11e5-b2a9-40f2e96c8ad8.jpg;0
no_gb/7cb34bba-943f-11e5-ae9b-40f2e96c8ad8.jpg;0
no_gb/7cb5891e-9441-11e5-a88c-40f2e96c8ad8.jpg;0
no_gb/7d30ce40-9445-11e5-ac62-40f2e96c8ad8.jpg;0
no_gb/7d6b8000-9439-11e5-bc72-40f2e96c8ad8.jpg;0
no_gb/7d968cec-9442-11e5-b2a9-40f2e96c8ad8.jpg;0
no_gb/7d9f4a8a-9447-11e5-9ae8-40f2e96c8ad8.JPG;0
no_gb/7dd02c04-943d-11e5-876f-40f2e96c8ad8.jpg;0
no_gb/7e546616-943f-11e5-ae9b-40f2e96c8ad8.jpg;0
no_gb/7e6c9d78-943d-11e5-876f-40f2e96c8ad8.jpg;0
no_gb/7e9412c2-943d-11e5-876f-40f2e96c8ad8.jpg;0
no_gb/7e954974-943f-11e5-ae9b-40f2e96c8ad8.jpg;0
no_gb/7eca7fc4-943d-11e5-876f-40f2e96c8ad8.jpg;0
no_gb/7f34a45c-943e-11e5-a062-40f2e96c8ad8.jpg;0
no_gb/7f78c058-9441-11e5-a88c-40f2e96c8ad8.jpg;0
no_gb/7f9231ea-943d-11e5-876f-40f2e96c8ad8.jpg;0
no_gb/7feda1b2-9445-11e5-ac62-40f2e96c8ad8.jpg;0
no_gb/80a61c3a-9439-11e5-bc72-40f2e96c8ad8.jpg;0
no_gb/81063e70-943a-11e5-ba6d-40f2e96c8ad8.jpg;0
no_gb/81f0a27a-9445-11e5-ac62-40f2e96c8ad8.jpg;0
no_gb/8246b34a-943b-11e5-b41b-40f2e96c8ad8.jpg;0
no_gb/82bfb0d2-9441-11e5-a88c-40f2e96c8ad8.jpg;0
no_gb/82d63616-943e-11e5-a062-40f2e96c8ad8.jpg;0
no_gb/82f6dc3a-943f-11e5-ae9b-40f2e96c8ad8.jpg;0
no_gb/82fbbc68-9445-11e5-ac62-40f2e96c8ad8.jpg;0
no_gb/83067fa2-9447-11e5-9ae8-40f2e96c8ad8.jpg;0
no_gb/8346a584-9445-11e5-ac62-40f2e96c8ad8.jpg;0
no_gb/8360bea4-9442-11e5-b2a9-40f2e96c8ad8.jpg;0
no_gb/83c4645a-9441-11e5-a88c-40f2e96c8ad8.jpg;0
no_gb/84571ad6-943f-11e5-ae9b-40f2e96c8ad8.jpg;0
no_gb/84a1d712-9442-11e5-b2a9-40f2e96c8ad8.jpg;0
no_gb/84b74b20-9441-11e5-a88c-40f2e96c8ad8.jpg;0
no_gb/8507a010-943d-11e5-876f-40f2e96c8ad8.jpg;0
no_gb/852d22ee-943e-11e5-a062-40f2e96c8ad8.JPG;0
no_gb/853506f2-943a-11e5-ba6d-40f2e96c8ad8.jpg;0
no_gb/85358cdc-943d-11e5-876f-40f2e96c8ad8.jpg;0
no_gb/85b29db2-9447-11e5-9ae8-40f2e96c8ad8.jpg;0
no_gb/85c7d32e-943a-11e5-ba6d-40f2e96c8ad8.jpg;0
no_gb/85d2e474-9441-11e5-a88c-40f2e96c8ad8.jpg;0
no_gb/85f97d7a-943f-11e5-ae9b-40f2e96c8ad8.jpg;0
no_gb/8675a686-943d-11e5-876f-40f2e96c8ad8.jpg;0
no_gb/87498758-9442-11e5-b2a9-40f2e96c8ad8.jpg;0
no_gb/874e5dde-9445-11e5-ac62-40f2e96c8ad8.jpg;0
no_gb/8793f02c-9442-11e5-b2a9-40f2e96c8ad8.jpg;0
no_gb/8796e09a-9445-11e5-ac62-40f2e96c8ad8.jpg;0
no_gb/87d2c0a2-e606-11e5-a917-40f2e96c8ad8.jpg;0
no_gb/8890e184-9441-11e5-a88c-40f2e96c8ad8.jpg;0
no_gb/88bd04d4-9447-11e5-9ae8-40f2e96c8ad8.jpg;0
no_gb/89110c0a-9447-11e5-9ae8-40f2e96c8ad8.jpg;0
no_gb/897a970e-943a-11e5-ba6d-40f2e96c8ad8.jpg;0
no_gb/89985a0c-943d-11e5-876f-40f2e96c8ad8.jpg;0
no_gb/8a0a5f60-943a-11e5-ba6d-40f2e96c8ad8.jpg;0
no_gb/8a14c8b0-943f-11e5-ae9b-40f2e96c8ad8.jpg;0
no_gb/8a230152-943d-11e5-876f-40f2e96c8ad8.jpg;0
no_gb/8a75b1b8-943d-11e5-876f-40f2e96c8ad8.jpg;0
no_gb/8abbbcd6-9441-11e5-a88c-40f2e96c8ad8.jpg;0
no_gb/8af3a1ce-943b-11e5-b41b-40f2e96c8ad8.png;0
no_gb/8b220864-9447-11e5-9ae8-40f2e96c8ad8.jpg;0
no_gb/8b512556-943b-11e5-b41b-40f2e96c8ad8.jpg;0
no_gb/8ba7b846-943e-11e5-a062-40f2e96c8ad8.jpg;0
no_gb/8baa706c-943a-11e5-ba6d-40f2e96c8ad8.JPG;0
no_gb/8bbff16e-9442-11e5-b2a9-40f2e96c8ad8.jpg;0
no_gb/8be68568-943d-11e5-876f-40f2e96c8ad8.jpg;0
no_gb/8c1d260c-e606-11e5-a917-40f2e96c8ad8.jpg;0
no_gb/8c551c24-e606-11e5-a917-40f2e96c8ad8.jpg;0
no_gb/8c6a37ca-9445-11e5-ac62-40f2e96c8ad8.jpg;0
no_gb/8ca35e4a-9447-11e5-9ae8-40f2e96c8ad8.gif;0
no_gb/8ce83f6a-9442-11e5-b2a9-40f2e96c8ad8.jpg;0
no_gb/8d3f6d52-9439-11e5-bc72-40f2e96c8ad8.jpg;0
no_gb/8d879652-943b-11e5-b41b-40f2e96c8ad8.JPG;0
no_gb/8dc4d5aa-9439-11e5-bc72-40f2e96c8ad8.jpg;0
no_gb/8f088354-9442-11e5-b2a9-40f2e96c8ad8.jpg;0
no_gb/8f21f778-9445-11e5-ac62-40f2e96c8ad8.jpg;0
no_gb/8f2b019e-9448-11e5-a299-40f2e96c8ad8.jpg;0
no_gb/8f8b4974-9447-11e5-9ae8-40f2e96c8ad8.jpg;0
no_gb/8fbe0bf2-9447-11e5-9ae8-40f2e96c8ad8.jpg;0
no_gb/8fd578c8-9442-11e5-b2a9-40f2e96c8ad8.jpg;0
no_gb/8ff7aeb0-943e-11e5-ae9b-40f2e96c8ad8.jpg;0
no_gb/900d9200-943b-11e5-b41b-40f2e96c8ad8.jpg;0
no_gb/901c0e8a-e606-11e5-a917-40f2e96c8ad8.jpg;0
no_gb/90966e2c-943b-11e5-b41b-40f2e96c8ad8.jpg;0
no_gb/923e1ce0-9448-11e5-a299-40f2e96c8ad8.jpg;0
no_gb/9255dfa8-9441-11e5-a88c-40f2e96c8ad8.jpg;0
no_gb/939925a2-943f-11e5-ae9b-40f2e96c8ad8.jpg;0
no_gb/93ad3d66-943b-11e5-b41b-40f2e96c8ad8.jpg;0
no_gb/93d32ea2-9447-11e5-9ae8-40f2e96c8ad8.jpg;0
no_gb/93d39e24-9441-11e5-a88c-40f2e96c8ad8.jpg;0
no_gb/94b99358-9445-11e5-ac62-40f2e96c8ad8.jpg;0
no_gb/9524b37e-9448-11e5-a299-40f2e96c8ad8.jpg;0
no_gb/956540d4-9442-11e5-b2a9-40f2e96c8ad8.jpg;0
no_gb/956d1eb0-943f-11e5-ae9b-40f2e96c8ad8.jpg;0
no_gb/95e59d52-9441-11e5-a88c-40f2e96c8ad8.gif;0
no_gb/9604ad04-9442-11e5-b2a9-40f2e96c8ad8.jpg;0
no_gb/96206d9e-943f-11e5-ae9b-40f2e96c8ad8.jpg;0
no_gb/96a32ed4-943d-11e5-876f-40f2e96c8ad8.jpg;0
no_gb/9758f66c-943b-11e5-b41b-40f2e96c8ad8.jpg;0
no_gb/979bfc4c-943a-11e5-ba6d-40f2e96c8ad8.jpg;0
no_gb/97ecb8ec-9441-11e5-a88c-40f2e96c8ad8.jpg;0
no_gb/9812d3e8-9445-11e5-ac62-40f2e96c8ad8.png;0
no_gb/9851e7f2-9442-11e5-b2a9-40f2e96c8ad8.jpg;0
no_gb/98551e0c-943a-11e5-ba6d-40f2e96c8ad8.JPG;0
no_gb/987a38f0-943e-11e5-ae9b-40f2e96c8ad8.jpg;0
no_gb/9896c598-9447-11e5-9ae8-40f2e96c8ad8.jpg;0
no_gb/98b9363e-943b-11e5-b41b-40f2e96c8ad8.jpg;0
no_gb/98d30a06-943a-11e5-ba6d-40f2e96c8ad8.jpg;0
no_gb/98e0ec76-9439-11e5-bc72-40f2e96c8ad8.jpg;0
no_gb/99129c7c-9442-11e5-b2a9-40f2e96c8ad8.jpg;0
no_gb/991e11f6-943d-11e5-876f-40f2e96c8ad8.jpg;0
no_gb/992bdcc2-9448-11e5-a299-40f2e96c8ad8.jpg;0
no_gb/9937d5e6-9447-11e5-9ae8-40f2e96c8ad8.jpg;0
no_gb/9950d2b0-943f-11e5-ae9b-40f2e96c8ad8.jpg;0
no_gb/996cbe0c-9445-11e5-ac62-40f2e96c8ad8.jpg;0
no_gb/9985fa70-943b-11e5-b41b-40f2e96c8ad8.jpg;0
no_gb/9a17df54-943a-11e5-ba6d-40f2e96c8ad8.jpg;0
no_gb/9aba0088-9438-11e5-982d-40f2e96c8ad8.jpg;0
no_gb/9b3a7614-943d-11e5-876f-40f2e96c8ad8.jpg;0
no_gb/9b46fc2e-943b-11e5-b41b-40f2e96c8ad8.jpg;0
no_gb/9b8f4cf8-9441-11e5-a88c-40f2e96c8ad8.jpg;0
no_gb/9bed5414-9447-11e5-9ae8-40f2e96c8ad8.jpg;0
no_gb/9bf9dde2-9442-11e5-b2a9-40f2e96c8ad8.jpg;0
no_gb/9c55ecce-9445-11e5-ac62-40f2e96c8ad8.gif;0
no_gb/9c942958-943b-11e5-b41b-40f2e96c8ad8.jpg;0
no_gb/9caef676-943a-11e5-ba6d-40f2e96c8ad8.jpg;0
no_gb/9d46476a-943f-11e5-ae9b-40f2e96c8ad8.jpg;0
no_gb/9d6a07e2-943d-11e5-876f-40f2e96c8ad8.jpg;0
no_gb/9db112a6-9445-11e5-ac62-40f2e96c8ad8.jpe;0
no_gb/9dcd1f6a-943f-11e5-ae9b-40f2e96c8ad8.jpg;0
no_gb/9dee6f64-9438-11e5-982d-40f2e96c8ad8.jpg;0
no_gb/9dfc5bfa-943e-11e5-ae9b-40f2e96c8ad8.jpg;0
no_gb/9e1821c8-9439-11e5-bc72-40f2e96c8ad8.jpg;0
no_gb/9e294bac-9447-11e5-9ae8-40f2e96c8ad8.jpg;0
no_gb/9e34ef04-943b-11e5-b41b-40f2e96c8ad8.jpg;0
no_gb/9e3a7574-943a-11e5-ba6d-40f2e96c8ad8.jpg;0
no_gb/9e4bbec6-9442-11e5-b2a9-40f2e96c8ad8.jpg;0
no_gb/9f5ed4e6-9448-11e5-a299-40f2e96c8ad8.jpg;0
no_gb/9f80cfe8-9447-11e5-9ae8-40f2e96c8ad8.jpg;0
no_gb/9fd0f3e4-943b-11e5-b41b-40f2e96c8ad8.jpg;0
no_gb/a006a250-9445-11e5-ac62-40f2e96c8ad8.jpg;0
no_gb/a0218440-943a-11e5-ba6d-40f2e96c8ad8.jpg;0
no_gb/a0c04b1a-9445-11e5-ac62-40f2e96c8ad8.jpg;0
no_gb/a10a195c-9445-11e5-ac62-40f2e96c8ad8.jpg;0
no_gb/a1507ce6-9448-11e5-a299-40f2e96c8ad8.jpg;0
no_gb/a1512150-9439-11e5-bc72-40f2e96c8ad8.jpg;0
no_gb/a1727818-943f-11e5-ae9b-40f2e96c8ad8.jpg;0
no_gb/a182ea1c-9445-11e5-ac62-40f2e96c8ad8.jpg;0
no_gb/a1d98422-943a-11e5-ba6d-40f2e96c8ad8.jpg;0
no_gb/a1fe1b4a-9442-11e5-b2a9-40f2e96c8ad8.jpg;0
no_gb/a225b29c-9445-11e5-ac62-40f2e96c8ad8.JPG;0
no_gb/a2ee68d8-9439-11e5-bc72-40f2e96c8ad8.jpg;0
no_gb/a2f2cea8-943b-11e5-b41b-40f2e96c8ad8.gif;0
no_gb/a389a238-943b-11e5-b41b-40f2e96c8ad8.jpg;0
no_gb/a3b4e920-943b-11e5-b41b-40f2e96c8ad8.jpg;0
no_gb/a3c99d28-9438-11e5-982d-40f2e96c8ad8.jpg;0
no_gb/a41a86ac-9442-11e5-b2a9-40f2e96c8ad8.jpg;0
no_gb/a4f4f7ce-9447-11e5-9ae8-40f2e96c8ad8.jpg;0
no_gb/a57814f4-943f-11e5-ae9b-40f2e96c8ad8.jpg;0
no_gb/a5de7084-9438-11e5-982d-40f2e96c8ad8.jpg;0
no_gb/a5eeb1b6-9441-11e5-a88c-40f2e96c8ad8.jpg;0
no_gb/a606a8f6-9442-11e5-b2a9-40f2e96c8ad8.jpg;0
no_gb/a65d1c8c-9441-11e5-a88c-40f2e96c8ad8.jpg;0
no_gb/a6cddf00-943a-11e5-ba6d-40f2e96c8ad8.jpg;0
no_gb/a70143b2-943b-11e5-b41b-40f2e96c8ad8.jpg;0
no_gb/a7133a84-943d-11e5-876f-40f2e96c8ad8.jpg;0
no_gb/a7eb5cb8-9445-11e5-ac62-40f2e96c8ad8.png;0
no_gb/a852cf52-e606-11e5-a917-40f2e96c8ad8.jpg;0
no_gb/a85910fc-9448-11e5-a299-40f2e96c8ad8.jpg;0
no_gb/a859c1f2-9441-11e5-a88c-40f2e96c8ad8.jpg;0
no_gb/a89f09ea-9448-11e5-a299-40f2e96c8ad8.jpg;0
no_gb/a8b6aca8-9439-11e5-bc72-40f2e96c8ad8.jpg;0
no_gb/a8e82d94-9445-11e5-ac62-40f2e96c8ad8.jpg;0
no_gb/a8fde80e-9441-11e5-a88c-40f2e96c8ad8.jpg;0
no_gb/a90a0c12-e606-11e5-a917-40f2e96c8ad8.jpg;0
no_gb/a9214bec-943b-11e5-b41b-40f2e96c8ad8.jpg;0
no_gb/a9413998-9445-11e5-ac62-40f2e96c8ad8.jpg;0
no_gb/a942def2-e606-11e5-a917-40f2e96c8ad8.jpg;0
no_gb/a996d6d0-9438-11e5-982d-40f2e96c8ad8.jpg;0
no_gb/a99cd118-9445-11e5-ac62-40f2e96c8ad8.jpg;0
no_gb/a99cfd30-9442-11e5-b2a9-40f2e96c8ad8.gif;0
no_gb/a9beaec4-943a-11e5-ba6d-40f2e96c8ad8.JPG;0
no_gb/aa398970-9438-11e5-982d-40f2e96c8ad8.JPG;0
no_gb/aa3dde9c-943a-11e5-ba6d-40f2e96c8ad8.jpg;0
no_gb/aa9ad2fe-943b-11e5-b41b-40f2e96c8ad8.jpg;0
no_gb/aad91c60-9447-11e5-9ae8-40f2e96c8ad8.jpg;0
no_gb/ab64eae8-9441-11e5-a88c-40f2e96c8ad8.jpg;0
no_gb/ab9aae10-9439-11e5-bc72-40f2e96c8ad8.jpg;0
no_gb/aba0a956-943d-11e5-876f-40f2e96c8ad8.JPG;0
no_gb/abcc5f68-943f-11e5-ae9b-40f2e96c8ad8.jpg;0
no_gb/ac14d8ee-943d-11e5-876f-40f2e96c8ad8.jpg;0
no_gb/ac3edb12-943d-11e5-876f-40f2e96c8ad8.jpg;0
no_gb/acc5188e-9448-11e5-a299-40f2e96c8ad8.jpg;0
no_gb/ad1864fc-943a-11e5-ba6d-40f2e96c8ad8.jpg;0
no_gb/ad873b20-943a-11e5-ba6d-40f2e96c8ad8.jpg;0
no_gb/adc6624e-9441-11e5-a88c-40f2e96c8ad8.jpg;0
no_gb/adddca3e-943b-11e5-b41b-40f2e96c8ad8.jpg;0
no_gb/adde4386-9447-11e5-9ae8-40f2e96c8ad8.jpg;0
no_gb/ae0115d2-9442-11e5-b2a9-40f2e96c8ad8.jpg;0
no_gb/ae15cc6a-9448-11e5-a299-40f2e96c8ad8.jpg;0
no_gb/ae6ed9ae-9448-11e5-a299-40f2e96c8ad8.jpg;0
no_gb/aec11260-943d-11e5-876f-40f2e96c8ad8.jpg;0
no_gb/af7fe4d8-9442-11e5-b2a9-40f2e96c8ad8.jpg;0
no_gb/afc98700-9442-11e5-b2a9-40f2e96c8ad8.jpg;0
no_gb/b09102b8-9441-11e5-a88c-40f2e96c8ad8.png;0
no_gb/b09d8168-9447-11e5-9ae8-40f2e96c8ad8.jpg;0
no_gb/b0cbb5ce-943d-11e5-876f-40f2e96c8ad8.jpeg;0
no_gb/b11e3540-943f-11e5-ae9b-40f2e96c8ad8.jpg;0
no_gb/b13fab12-943a-11e5-ba6d-40f2e96c8ad8.JPG;0
no_gb/b1b6fdea-943d-11e5-876f-40f2e96c8ad8.jpg;0
no_gb/b2081422-9439-11e5-bc72-40f2e96c8ad8.jpg;0
no_gb/b22a2e3e-943b-11e5-b41b-40f2e96c8ad8.jpg;0
no_gb/b2ac2d82-9439-11e5-bc72-40f2e96c8ad8.jpg;0
no_gb/b2d00152-943f-11e5-ae9b-40f2e96c8ad8.jpg;0
no_gb/b2db096e-9447-11e5-9ae8-40f2e96c8ad8.jpg;0
no_gb/b2e9d72c-9448-11e5-a299-40f2e96c8ad8.jpg;0
no_gb/b33355e2-9442-11e5-b2a9-40f2e96c8ad8.jpg;0
no_gb/b3396514-9441-11e5-a88c-40f2e96c8ad8.jpg;0
no_gb/b3ae5638-9439-11e5-bc72-40f2e96c8ad8.jpg;0
no_gb/b3bc8d38-943f-11e5-ae9b-40f2e96c8ad8.jpg;0
no_gb/b3dd9d86-943d-11e5-876f-40f2e96c8ad8.jpg;0
no_gb/b4ccf002-9447-11e5-a21d-40f2e96c8ad8.jpg;0
no_gb/b513fefc-9442-11e5-b2a9-40f2e96c8ad8.jpg;0
no_gb/b517e706-9447-11e5-a21d-40f2e96c8ad8.jpg;0
no_gb/b5802000-9442-11e5-b2a9-40f2e96c8ad8.jpg;0
no_gb/b6ed1858-9447-11e5-a21d-40f2e96c8ad8.jpg;0
no_gb/b70bd198-9448-11e5-a299-40f2e96c8ad8.jpg;0
no_gb/b75f658e-9447-11e5-a21d-40f2e96c8ad8.JPG;0
no_gb/b79dbeba-9447-11e5-a21d-40f2e96c8ad8.jpg;0
no_gb/b7fa1976-9447-11e5-a21d-40f2e96c8ad8.jpg;0
no_gb/b81eb380-9442-11e5-b2a9-40f2e96c8ad8.jpg;0
no_gb/b88ee998-9447-11e5-a21d-40f2e96c8ad8.jpg;0
no_gb/b8a3a9be-943d-11e5-876f-40f2e96c8ad8.jpg;0
no_gb/b8d17ad8-943d-11e5-876f-40f2e96c8ad8.jpg;0
no_gb/b8ebd036-9447-11e5-a21d-40f2e96c8ad8.jpg;0
no_gb/b9635eb0-943f-11e5-ae9b-40f2e96c8ad8.jpg;0
no_gb/ba080ccc-9448-11e5-a299-40f2e96c8ad8.jpg;0
no_gb/ba3b1fa0-9442-11e5-b2a9-40f2e96c8ad8.jpg;0
no_gb/ba6e1db8-e606-11e5-a917-40f2e96c8ad8.jpg;0
no_gb/bab49874-e606-11e5-a917-40f2e96c8ad8.jpg;0
no_gb/bad33a72-943a-11e5-ba6d-40f2e96c8ad8.jpg;0
no_gb/bb5d6ff0-9447-11e5-a21d-40f2e96c8ad8.jpg;0
no_gb/bb815fdc-9442-11e5-b2a9-40f2e96c8ad8.jpg;0
no_gb/bba31460-9447-11e5-a21d-40f2e96c8ad8.jpg;0
no_gb/bbf9fe9a-943f-11e5-ae9b-40f2e96c8ad8.jpg;0
no_gb/bc969e46-943d-11e5-876f-40f2e96c8ad8.jpg;0
no_gb/bd1dbd30-9448-11e5-a299-40f2e96c8ad8.jpg;0
no_gb/bd2abf4a-9447-11e5-a21d-40f2e96c8ad8.jpg;0
no_gb/bdc35e58-9447-11e5-a21d-40f2e96c8ad8.jpg;0
no_gb/bde4460c-943a-11e5-ba6d-40f2e96c8ad8.jpg;0
no_gb/be3cced2-943d-11e5-876f-40f2e96c8ad8.jpg;0
no_gb/bed7c34a-943f-11e5-ae9b-40f2e96c8ad8.jpg;0
no_gb/bf238bb0-9442-11e5-b2a9-40f2e96c8ad8.jpg;0
no_gb/bf8c639a-943a-11e5-ba6d-40f2e96c8ad8.jpg;0
no_gb/bfcecbbe-9448-11e5-a299-40f2e96c8ad8.jpg;0
no_gb/c05f0450-9447-11e5-a21d-40f2e96c8ad8.jpg;0
no_gb/c0a4fd5c-9447-11e5-a21d-40f2e96c8ad8.jpg;0
no_gb/c1918898-9447-11e5-a21d-40f2e96c8ad8.jpg;0
no_gb/c2501d12-9442-11e5-b2a9-40f2e96c8ad8.jpg;0
no_gb/c2654a6a-9448-11e5-a299-40f2e96c8ad8.jpg;0
no_gb/c2b0c8d8-9442-11e5-b2a9-40f2e96c8ad8.jpg;0
no_gb/c2b7fdf0-9448-11e5-a299-40f2e96c8ad8.jpg;0
no_gb/c33fdec4-943d-11e5-876f-40f2e96c8ad8.jpg;0
no_gb/c3657f30-9447-11e5-a21d-40f2e96c8ad8.jpg;0
no_gb/c40f64b8-9448-11e5-a299-40f2e96c8ad8.JPG;0
no_gb/c4541b08-9448-11e5-a299-40f2e96c8ad8.jpg;0
no_gb/c4b16e3a-9447-11e5-a21d-40f2e96c8ad8.jpg;0
no_gb/c4b96388-943d-11e5-876f-40f2e96c8ad8.jpg;0
no_gb/c4cf9a34-943a-11e5-9fb2-40f2e96c8ad8.jpg;0
no_gb/c4ebef6a-9447-11e5-a21d-40f2e96c8ad8.jpg;0
no_gb/c4f8ffe8-943d-11e5-876f-40f2e96c8ad8.jpg;0
no_gb/c50e69aa-9442-11e5-b2a9-40f2e96c8ad8.jpg;0
no_gb/c51e8676-943f-11e5-ae9b-40f2e96c8ad8.jpg;0
no_gb/c539e256-943d-11e5-876f-40f2e96c8ad8.jpg;0
no_gb/c566f604-943a-11e5-9fb2-40f2e96c8ad8.jpg;0
no_gb/c5791c00-9447-11e5-a21d-40f2e96c8ad8.jpg;0
no_gb/c58aeb20-9441-11e5-a88c-40f2e96c8ad8.jpg;0
no_gb/c5afcf20-9447-11e5-a21d-40f2e96c8ad8.jpg;0
no_gb/c6515ef8-9447-11e5-a21d-40f2e96c8ad8.JPG;0
no_gb/c6deacb6-943f-11e5-ae9b-40f2e96c8ad8.jpg;0
no_gb/c72ed010-943a-11e5-9fb2-40f2e96c8ad8.jpg;0
no_gb/c7af24d8-9447-11e5-a21d-40f2e96c8ad8.jpg;0
no_gb/c7c187a8-9448-11e5-a299-40f2e96c8ad8.jpg;0
no_gb/c893d306-943f-11e5-ae9b-40f2e96c8ad8.jpg;0
no_gb/c92e0fa4-943d-11e5-a062-40f2e96c8ad8.jpg;0
no_gb/c9690bea-943d-11e5-a062-40f2e96c8ad8.jpg;0
no_gb/c98a5786-9448-11e5-a299-40f2e96c8ad8.jpg;0
no_gb/ca2bf47a-9438-11e5-982d-40f2e96c8ad8.jpg;0
no_gb/ca54118e-9448-11e5-a299-40f2e96c8ad8.jpg;0
no_gb/cac60784-943a-11e5-9fb2-40f2e96c8ad8.jpg;0
no_gb/cad15ff0-9447-11e5-a21d-40f2e96c8ad8.JPG;0
no_gb/cae45ba0-9438-11e5-982d-40f2e96c8ad8.jpg;0
no_gb/cb08b7f8-9441-11e5-a88c-40f2e96c8ad8.jpg;0
no_gb/cb3d981c-943a-11e5-9fb2-40f2e96c8ad8.jpg;0
no_gb/cb98ff22-943f-11e5-ae9b-40f2e96c8ad8.jpeg;0
no_gb/cc541886-9438-11e5-982d-40f2e96c8ad8.JPG;0
no_gb/cc605216-943a-11e5-9fb2-40f2e96c8ad8.jpg;0
no_gb/cca928f8-9447-11e5-a21d-40f2e96c8ad8.jpg;0
no_gb/cd04897c-9448-11e5-a299-40f2e96c8ad8.jpg;0
no_gb/cd350240-943f-11e5-ae9b-40f2e96c8ad8.jpg;0
no_gb/cd677888-e606-11e5-a917-40f2e96c8ad8.jpg;0
no_gb/ce172622-9438-11e5-982d-40f2e96c8ad8.jpg;0
no_gb/cea2f1a0-e606-11e5-a917-40f2e96c8ad8.jpg;0
no_gb/cef5e68a-943f-11e5-ae9b-40f2e96c8ad8.jpg;0
no_gb/cefcffb0-e606-11e5-a917-40f2e96c8ad8.jpg;0
no_gb/cf4a9930-9441-11e5-a88c-40f2e96c8ad8.jpg;0
no_gb/cf73d858-9447-11e5-a21d-40f2e96c8ad8.jpg;0
no_gb/cf78e9d6-943f-11e5-ae9b-40f2e96c8ad8.jpg;0
no_gb/cf9b0054-9438-11e5-982d-40f2e96c8ad8.jpg;0
no_gb/d012cd6c-943f-11e5-ae9b-40f2e96c8ad8.jpg;0
no_gb/d02e31b6-9448-11e5-a299-40f2e96c8ad8.jpg;0
no_gb/d07053da-9438-11e5-982d-40f2e96c8ad8.jpg;0
no_gb/d117822a-943f-11e5-ae9b-40f2e96c8ad8.jpg;0
no_gb/d1f37bb0-9447-11e5-a21d-40f2e96c8ad8.jpg;0
no_gb/d23e88b2-9447-11e5-a21d-40f2e96c8ad8.jpg;0
no_gb/d276131a-943b-11e5-b41b-40f2e96c8ad8.jpg;0
no_gb/d2b2ccb2-9448-11e5-a299-40f2e96c8ad8.jpg;0
no_gb/d2c002de-9438-11e5-982d-40f2e96c8ad8.jpg;0
no_gb/d2ceddfc-e606-11e5-a917-40f2e96c8ad8.jpg;0
no_gb/d317665a-9438-11e5-982d-40f2e96c8ad8.jpg;0
no_gb/d388b29a-943a-11e5-9fb2-40f2e96c8ad8.jpg;0
no_gb/d3e6df54-943b-11e5-b41b-40f2e96c8ad8.jpg;0
no_gb/d437edce-9448-11e5-a299-40f2e96c8ad8.jpg;0
no_gb/d47fbfd4-9441-11e5-a88c-40f2e96c8ad8.jpg;0
no_gb/d4a829ac-943b-11e5-b41b-40f2e96c8ad8.jpg;0
no_gb/d4dedf92-943b-11e5-b41b-40f2e96c8ad8.jpg;0
no_gb/d55791c2-943a-11e5-9fb2-40f2e96c8ad8.JPG;0
no_gb/d60a9e44-9448-11e5-a299-40f2e96c8ad8.jpg;0
no_gb/d6a507fa-9438-11e5-982d-40f2e96c8ad8.jpg;0
no_gb/d6c6d7d0-9448-11e5-a299-40f2e96c8ad8.jpg;0
no_gb/d7a49f6c-9447-11e5-a21d-40f2e96c8ad8.jpg;0
no_gb/d8065b64-943b-11e5-b41b-40f2e96c8ad8.jpeg;0
no_gb/d867348c-9447-11e5-a21d-40f2e96c8ad8.jpg;0
no_gb/d927fc84-9448-11e5-a299-40f2e96c8ad8.jpg;0
no_gb/d9d6651a-943b-11e5-b41b-40f2e96c8ad8.jpg;0
no_gb/da423388-9438-11e5-982d-40f2e96c8ad8.jpg;0
no_gb/da78ed6a-9438-11e5-982d-40f2e96c8ad8.jpg;0
no_gb/dae5cbfa-9448-11e5-a299-40f2e96c8ad8.jpg;0
no_gb/daf6dab8-9438-11e5-982d-40f2e96c8ad8.jpg;0
no_gb/dc299c6c-9448-11e5-a299-40f2e96c8ad8.jpg;0
no_gb/dc53783c-943b-11e5-b41b-40f2e96c8ad8.jpg;0
no_gb/dd1979b2-9448-11e5-a299-40f2e96c8ad8.JPG;0
no_gb/dd629666-9447-11e5-a21d-40f2e96c8ad8.jpg;0
no_gb/ddeaf2f8-9448-11e5-a299-40f2e96c8ad8.jpg;0
no_gb/ded22ed0-9447-11e5-a21d-40f2e96c8ad8.jpg;0
no_gb/df32b010-9448-11e5-a299-40f2e96c8ad8.jpg;0
no_gb/df7721f8-943b-11e5-b41b-40f2e96c8ad8.jpg;0
no_gb/df83b226-9448-11e5-a299-40f2e96c8ad8.jpg;0
no_gb/e0b1e590-943f-11e5-ae9b-40f2e96c8ad8.jpg;0
no_gb/e14041ca-9438-11e5-982d-40f2e96c8ad8.JPG;0
no_gb/e14757fa-943b-11e5-b41b-40f2e96c8ad8.jpg;0
no_gb/e14dd20c-943f-11e5-ae9b-40f2e96c8ad8.jpg;0
no_gb/e1723e32-9447-11e5-a21d-40f2e96c8ad8.jpg;0
no_gb/e1c67e8e-9438-11e5-982d-40f2e96c8ad8.jpg;0
no_gb/e1d0b43c-943b-11e5-b41b-40f2e96c8ad8.jpg;0
no_gb/e279bb56-9448-11e5-a299-40f2e96c8ad8.jpg;0
no_gb/e2aff832-943a-11e5-9fb2-40f2e96c8ad8.jpg;0
no_gb/e2dacef4-943f-11e5-ae9b-40f2e96c8ad8.jpg;0
no_gb/e32e9d04-943a-11e5-9fb2-40f2e96c8ad8.jpg;0
no_gb/e353fa9e-943b-11e5-b41b-40f2e96c8ad8.jpg;0
no_gb/e3b9f52c-943d-11e5-a062-40f2e96c8ad8.jpg;0
no_gb/e3f9ebf4-9448-11e5-a299-40f2e96c8ad8.jpg;0
no_gb/e42eec28-9448-11e5-a299-40f2e96c8ad8.jpg;0
no_gb/e437c558-943b-11e5-b41b-40f2e96c8ad8.jpg;0
no_gb/e44f1d5a-9447-11e5-a21d-40f2e96c8ad8.bmp;0
no_gb/e4e50538-943b-11e5-b41b-40f2e96c8ad8.jpg;0
no_gb/e51c034a-943a-11e5-9fb2-40f2e96c8ad8.jpg;0
no_gb/e538b01e-943d-11e5-a062-40f2e96c8ad8.jpg;0
no_gb/e56af42e-e605-11e5-a917-40f2e96c8ad8.jpg;0
no_gb/e5d8b68e-e606-11e5-a917-40f2e96c8ad8.jpg;0
no_gb/e5f11f3e-943b-11e5-b41b-40f2e96c8ad8.jpg;0
no_gb/e632a76c-e605-11e5-a917-40f2e96c8ad8.jpg;0
no_gb/e6a09998-9448-11e5-a299-40f2e96c8ad8.jpg;0
no_gb/e78b1488-9447-11e5-a21d-40f2e96c8ad8.bmp;0
no_gb/e7d7d142-943d-11e5-a062-40f2e96c8ad8.jpg;0
no_gb/e7facf56-e606-11e5-a917-40f2e96c8ad8.jpg;0
no_gb/e88908b6-e606-11e5-a917-40f2e96c8ad8.jpg;0
no_gb/e9524570-943d-11e5-a062-40f2e96c8ad8.jpg;0
no_gb/ea176eae-943d-11e5-a062-40f2e96c8ad8.gif;0
no_gb/ea6b5e18-943a-11e5-9fb2-40f2e96c8ad8.jpg;0
no_gb/eaa35a16-943a-11e5-9fb2-40f2e96c8ad8.jpg;0
no_gb/eadac326-9448-11e5-a299-40f2e96c8ad8.jpg;0
no_gb/eb6718cc-9438-11e5-982d-40f2e96c8ad8.jpg;0
no_gb/eb98a9be-9447-11e5-a21d-40f2e96c8ad8.jpg;0
no_gb/ebdd5b18-9447-11e5-a21d-40f2e96c8ad8.jpg;0
no_gb/ec38f252-9447-11e5-a21d-40f2e96c8ad8.JPG;0
no_gb/ec72c486-9439-11e5-bc72-40f2e96c8ad8.jpg;0
no_gb/ecc1cc2a-9448-11e5-a299-40f2e96c8ad8.jpg;0
no_gb/ecd92ae2-943d-11e5-a062-40f2e96c8ad8.jpg;0
no_gb/ed1cfa64-9439-11e5-bc72-40f2e96c8ad8.JPG;0
no_gb/edab2592-9438-11e5-982d-40f2e96c8ad8.jpg;0
no_gb/ee27525c-9438-11e5-982d-40f2e96c8ad8.jpg;0
no_gb/ee487d9c-9447-11e5-a21d-40f2e96c8ad8.jpg;0
no_gb/ee881baa-9447-11e5-a21d-40f2e96c8ad8.jpeg;0
no_gb/eecf58da-9447-11e5-a21d-40f2e96c8ad8.jpg;0
no_gb/eef8da64-e606-11e5-a917-40f2e96c8ad8.jpg;0
no_gb/ef367768-943d-11e5-a062-40f2e96c8ad8.jpg;0
no_gb/f077c018-9448-11e5-a299-40f2e96c8ad8.jpg;0
no_gb/f07934a8-9438-11e5-982d-40f2e96c8ad8.jpg;0
no_gb/f08437f8-9439-11e5-bc72-40f2e96c8ad8.jpg;0
no_gb/f0c000ac-943a-11e5-9fb2-40f2e96c8ad8.jpg;0
no_gb/f1aa82dc-9447-11e5-a21d-40f2e96c8ad8.jpg;0
no_gb/f1b7070a-9438-11e5-982d-40f2e96c8ad8.jpg;0
no_gb/f1ffe0f6-943d-11e5-a062-40f2e96c8ad8.jpg;0
no_gb/f2e6a530-9439-11e5-bc72-40f2e96c8ad8.jpg;0
no_gb/f32776e0-943a-11e5-9fb2-40f2e96c8ad8.jpg;0
no_gb/f49da37a-9438-11e5-982d-40f2e96c8ad8.JPG;0
no_gb/f4e7c0ae-943d-11e5-a062-40f2e96c8ad8.jpg;0
no_gb/f5321d46-943a-11e5-9fb2-40f2e96c8ad8.jpg;0
no_gb/f53c3318-9448-11e5-a299-40f2e96c8ad8.jpg;0
no_gb/f5466668-9438-11e5-982d-40f2e96c8ad8.jpg;0
no_gb/f5a28cde-943a-11e5-9fb2-40f2e96c8ad8.jpg;0
no_gb/f6290458-e606-11e5-a917-40f2e96c8ad8.jpg;0
no_gb/f6d903a0-9447-11e5-a21d-40f2e96c8ad8.JPG;0
no_gb/f74c9bf6-943a-11e5-9fb2-40f2e96c8ad8.jpg;0
no_gb/f78692ce-943b-11e5-b41b-40f2e96c8ad8.jpg;0
no_gb/f79228a6-e606-11e5-a917-40f2e96c8ad8.jpg;0
no_gb/f7d92154-9438-11e5-982d-40f2e96c8ad8.jpg;0
no_gb/f8c147e0-943d-11e5-a062-40f2e96c8ad8.jpg;0
no_gb/fa07c3a4-9438-11e5-982d-40f2e96c8ad8.jpg;0
no_gb/fa677ab0-9447-11e5-a21d-40f2e96c8ad8.jpg;0
no_gb/faacdc3a-9439-11e5-ba6d-40f2e96c8ad8.jpg;0
no_gb/fab75de6-9447-11e5-a21d-40f2e96c8ad8.JPG;0
no_gb/fbd8f1ac-9448-11e5-a299-40f2e96c8ad8.jpg;0
no_gb/fd1586c6-9438-11e5-982d-40f2e96c8ad8.jpg;0
no_gb/fd639ad2-9447-11e5-a21d-40f2e96c8ad8.jpg;0
no_gb/fdaad686-9447-11e5-a21d-40f2e96c8ad8.jpg;0
no_gb/fe1f7724-e605-11e5-a917-40f2e96c8ad8.jpg;0
no_gb/fe520220-9448-11e5-a299-40f2e96c8ad8.jpg;0
no_gb/febe183c-943b-11e5-b41b-40f2e96c8ad8.jpg;0
no_gb/ff0b14a0-9447-11e5-a21d-40f2e96c8ad8.jpg;0
no_gb/ff4fb91a-9439-11e5-ba6d-40f2e96c8ad8.JPG;0
no_gb/ff928086-943b-11e5-b41b-40f2e96c8ad8.jpg;0
